,nan,transgender female,intersex,transgender male,female,male
-3125.0,,,,,,1.0
-3050.0,,,,,,1.0
-2995.0,,,,,,1.0
-2985.0,,,,,,1.0
-2960.0,,,,,,1.0
-2925.0,,,,,,1.0
-2890.0,,,,,,1.0
-2845.0,,,,,,1.0
-2715.0,,,,,,1.0
-2680.0,,,,,,1.0
-2660.0,,,,,,1.0
-2650.0,,,,,,1.0
-2630.0,,,,,,1.0
-2620.0,,,,,,1.0
-2609.0,,,,,,1.0
-2605.0,,,,,,1.0
-2597.0,,,,,,1.0
-2596.0,,,,,,1.0
-2588.0,,,,,,1.0
-2580.0,,,,,,1.0
-2570.0,,,,,,1.0
-2525.0,,,,,,1.0
-2500.0,,,,,,1.0
-2490.0,,,,,,1.0
-2480.0,,,,,,1.0
-2473.0,,,,,,1.0
-2460.0,,,,,,1.0
-2444.0,,,,,1.0,
-2430.0,,,,,,1.0
-2425.0,,,,,,1.0
-2420.0,,,,,,1.0
-2380.0,,,,,,1.0
-2371.0,,,,,,1.0
-2350.0,,,,,,2.0
-2330.0,,,,,,1.0
-2280.0,,,,,,1.0
-2273.0,,,,,,1.0
-2255.0,,,,,,1.0
-2206.0,,,,,,1.0
-2200.0,,,,,,1.0
-2192.0,,,,,1.0,
-2121.0,,,,,,1.0
-2094.0,,,,,,1.0
-2073.0,,,,,,1.0
-2065.0,,,,,,1.0
-2046.0,,,,,,1.0
-2040.0,,,,,,1.0
-2013.0,,,,,,1.0
-2005.0,,,,,,1.0
-1991.0,,,,,,1.0
-1990.0,,,,,,3.0
-1962.0,,,,,,1.0
-1919.0,,,,,,1.0
-1885.0,,,,,,1.0
-1879.0,,,,,,1.0
-1859.0,,,,,,1.0
-1846.0,,,,,,1.0
-1845.0,,,,,,1.0
-1831.0,,,,,,1.0
-1814.0,,,,,,1.0
-1813.0,,,,,,1.0
-1790.0,,,,,,1.0
-1785.0,,,,,1.0,
-1750.0,,,,,,1.0
-1734.0,,,,,,1.0
-1730.0,,,,,,2.0
-1720.0,,,,,,2.0
-1701.0,,,,,,1.0
-1691.0,,,,,,1.0
-1675.0,,,,,,1.0
-1628.0,,,,,,1.0
-1603.0,,,,,,1.0
-1562.0,,,,,,1.0
-1549.0,,,,,,3.0
-1534.0,,,,,,1.0
-1530.0,,,,,1.0,1.0
-1525.0,,,,,,1.0
-1507.0,,,,,,1.0
-1504.0,,,,,1.0,
-1492.0,,,,,1.0,
-1491.0,,,,,,1.0
-1480.0,,,,,,1.0
-1466.0,,,,,,1.0
-1463.0,,,,,,1.0
-1434.0,,,,,,1.0
-1425.0,,,,,,1.0
-1415.0,,,,,,1.0
-1409.0,,,,,,1.0
-1402.0,,,,,,1.0
-1375.0,,,,,,1.0
-1366.0,,,,,,1.0
-1353.0,,,,,,1.0
-1345.0,,,,,,1.0
-1340.0,,,,,,1.0
-1338.0,,,,,2.0,
-1325.0,,,,,,1.0
-1322.0,,,,,,1.0
-1321.0,,,,,,1.0
-1316.0,,,,,,1.0
-1315.0,,,,,,1.0
-1312.0,,,,,,1.0
-1307.0,,,,,,1.0
-1290.0,,,,,,1.0
-1289.0,,,,,,1.0
-1279.0,,,,,,1.0
-1274.0,,,,,,1.0
-1267.0,,,,,,1.0
-1259.0,,,,,,1.0
-1258.0,,,,,1.0,
-1255.0,,,,,1.0,
-1226.0,,,,,,2.0
-1225.0,,,,,,1.0
-1220.0,,,,,,1.0
-1212.0,,,,,,1.0
-1202.0,,,,,,1.0
-1200.0,,,,,,1.0
-1199.0,,,,,,1.0
-1195.0,,,,,,1.0
-1192.0,,,,,,2.0
-1190.0,,,,,,1.0
-1180.0,,,,,,1.0
-1155.0,,,,,,1.0
-1154.0,,,,,,1.0
-1150.0,,,,,,1.0
-1144.0,,,,,,1.0
-1136.0,,,,,,1.0
-1128.0,,,,,,2.0
-1125.0,,,,,,1.0
-1120.0,,,,,,1.0
-1107.0,,,,,,1.0
-1098.0,,,,,,1.0
-1081.0,,,,,,1.0
-1076.0,,,,,,1.0
-1070.0,,,,,,1.0
-1069.0,,,,,,1.0
-1056.0,,,,,,1.0
-1046.0,,,,,,2.0
-1045.0,,,,,,3.0
-1043.0,,,,,,2.0
-1039.0,,,,,,1.0
-1031.0,,,,,,1.0
-1021.0,,,,,,1.0
-1019.0,,,,,,1.0
-996.0,,,,,,1.0
-993.0,,,,,,1.0
-992.0,,,,,,1.0
-990.0,,,,,,1.0
-984.0,,,,,,1.0
-978.0,,,,,,1.0
-977.0,,,,,,1.0
-970.0,,,,,,1.0
-969.0,,,,,,1.0
-959.0,,,,,,1.0
-945.0,,,,,,2.0
-935.0,,,,,,2.0
-931.0,,,,,,1.0
-924.0,,,,,,2.0
-922.0,,,,,,1.0
-914.0,,,,,,1.0
-911.0,,,,,,1.0
-910.0,,,,,,1.0
-900.0,,,,,,1.0
-892.0,,,,,,1.0
-891.0,,,,,,1.0
-889.0,,,,,,3.0
-886.0,,,,,,1.0
-884.0,,,,,,1.0
-878.0,,,,,,1.0
-874.0,,,,,,2.0
-860.0,,,,,,1.0
-859.0,,,,,,1.0
-858.0,,,,,,1.0
-855.0,,,,,,1.0
-852.0,,,,,,1.0
-851.0,,,,,,2.0
-850.0,,,,,,1.0
-849.0,,,,,,1.0
-848.0,,,,,,1.0
-845.0,,,,,,2.0
-844.0,,,,,,1.0
-842.0,,,,,,2.0
-841.0,,,,,,2.0
-828.0,,,,,,2.0
-825.0,,,,,,2.0
-823.0,,,,,,1.0
-822.0,,,,,,1.0
-818.0,,,,,,1.0
-816.0,,,,,,2.0
-812.0,,,,,,1.0
-811.0,,,,,,1.0
-810.0,,,,,,1.0
-807.0,,,,,,1.0
-804.0,,,,,,1.0
-800.0,,,,,,1.0
-798.0,,,,,,1.0
-795.0,,,,,,1.0
-793.0,,,,,,1.0
-790.0,,,,,,1.0
-787.0,,,,,,1.0
-786.0,,,,,,1.0
-785.0,,,,,,2.0
-783.0,,,,,,1.0
-782.0,,,,,,1.0
-778.0,,,,,,1.0
-776.0,,,,,,2.0
-775.0,,,,,,1.0
-771.0,,,,,1.0,2.0
-766.0,,,,,,1.0
-765.0,,,,,,1.0
-764.0,,,,,,2.0
-759.0,,,,,,2.0
-758.0,,,,,,2.0
-754.0,,,,,,1.0
-753.0,,,,,,1.0
-752.0,,,,,,1.0
-750.0,,,,,,1.0
-746.0,,,,,,1.0
-745.0,,,,,,3.0
-742.0,,,,,,1.0
-741.0,,,,,,1.0
-739.0,,,,,,1.0
-735.0,,,,,,1.0
-733.0,,,,,,1.0
-732.0,,,,,,2.0
-731.0,,,,,,2.0
-730.0,,,,,,1.0
-727.0,,,,,,2.0
-724.0,,,,,,1.0
-722.0,,,,,,1.0
-720.0,,,,,1.0,3.0
-718.0,,,,,,1.0
-716.0,,,,,,1.0
-714.0,,,,,1.0,1.0
-709.0,,,,,,1.0
-705.0,,,,,,1.0
-704.0,,,,,,1.0
-700.0,,,,,,1.0
-698.0,,,,,,2.0
-697.0,,,,,,2.0
-695.0,,,,,,1.0
-694.0,,,,,,2.0
-690.0,,,,,,2.0
-688.0,,,,,,1.0
-686.0,,,,,,1.0
-685.0,,,,,,2.0
-682.0,,,,,,1.0
-681.0,,,,,,2.0
-680.0,,,,,,1.0
-678.0,,,,,,2.0
-677.0,,,,,,3.0
-676.0,,,,,,2.0
-675.0,,,,,,1.0
-673.0,,,,,1.0,1.0
-672.0,,,,,,2.0
-669.0,,,,,,1.0
-668.0,,,,,1.0,
-665.0,,,,,,1.0
-664.0,,,,,,4.0
-660.0,,,,,,1.0
-657.0,,,,,,1.0
-655.0,,,,,,1.0
-653.0,,,,,,1.0
-652.0,,,,,,1.0
-651.0,,,,,,3.0
-650.0,,,,,1.0,
-647.0,,,,,,1.0
-645.0,,,,,,3.0
-644.0,,,,,,1.0
-642.0,,,,,,1.0
-641.0,,,,,,1.0
-640.0,,,,,1.0,1.0
-639.0,,,,,,2.0
-637.0,,,,,,3.0
-633.0,,,,,,2.0
-632.0,,,,,,1.0
-629.0,,,,,,1.0
-628.0,,,,,,1.0
-627.0,,,,,,4.0
-626.0,,,,,,1.0
-625.0,,,,,,1.0
-621.0,,,,,,2.0
-619.0,,,,,,1.0
-618.0,,,,,,1.0
-617.0,,,,,,1.0
-616.0,,,,,,1.0
-614.0,,,,,,1.0
-613.0,,,,,,3.0
-610.0,,,,,,1.0
-609.0,,,,,,3.0
-608.0,,,,,,1.0
-607.0,,,,,,2.0
-605.0,,,,,,2.0
-604.0,,,,,,3.0
-600.0,,,,,,2.0
-599.0,,,,,,1.0
-598.0,,,,,,1.0
-595.0,,,,,,1.0
-591.0,,,,,,1.0
-590.0,,,,,,1.0
-586.0,,,,,1.0,2.0
-585.0,,,,,,2.0
-584.0,,,,,,2.0
-583.0,,,,,,1.0
-582.0,,,,,,1.0
-581.0,,,,,,2.0
-579.0,,,,,,1.0
-577.0,,,,,,1.0
-573.0,,,,,,1.0
-572.0,,,,,,1.0
-567.0,,,,,,1.0
-564.0,,,,,,1.0
-562.0,,,,,,2.0
-560.0,,,,,,3.0
-559.0,,,,,,1.0
-558.0,,,,,,2.0
-555.0,,,,,,1.0
-554.0,,,,,,2.0
-551.0,,,,,,1.0
-550.0,,,,,,2.0
-548.0,,,,,,2.0
-546.0,,,,,,2.0
-545.0,,,,,,3.0
-541.0,,,,,,1.0
-539.0,,,,,,1.0
-537.0,,,,,1.0,2.0
-532.0,,,,,,1.0
-530.0,,,,,,2.0
-529.0,,,,,,3.0
-528.0,,,,,,1.0
-527.0,,,,,,2.0
-526.0,,,,,,2.0
-525.0,,,,,1.0,2.0
-524.0,,,,,,1.0
-523.0,,,,,1.0,
-522.0,,,,,,5.0
-521.0,,,,,,3.0
-520.0,,,,,,2.0
-516.0,,,,,,1.0
-515.0,,,,,,2.0
-514.0,,,,,,1.0
-512.0,,,,,,1.0
-510.0,,,,,,1.0
-509.0,,,,,1.0,2.0
-507.0,,,,,,1.0
-504.0,,,,,,1.0
-503.0,,,,,,1.0
-501.0,,,,,,2.0
-500.0,,,,,,1.0
-498.0,,,,,,1.0
-497.0,,,,,,1.0
-496.0,,,,,,1.0
-495.0,,,,,,3.0
-494.0,,,,,,1.0
-493.0,,,,,,3.0
-492.0,,,,,,2.0
-491.0,,,,,,3.0
-490.0,,,,,,5.0
-489.0,,,,,,4.0
-488.0,,,,,,1.0
-487.0,,,,,,2.0
-486.0,,,,,,1.0
-485.0,,,,,,3.0
-483.0,,,,,,2.0
-482.0,1.0,,,,,2.0
-481.0,,,,,,1.0
-480.0,,,,,,14.0
-479.0,,,,,,2.0
-478.0,,,,,,2.0
-477.0,,,,,,5.0
-476.0,,,,,,2.0
-475.0,,,,,1.0,3.0
-474.0,,,,,,1.0
-473.0,,,,,,2.0
-470.0,,,,,,1.0
-469.0,,,,,,2.0
-467.0,,,,,,3.0
-466.0,,,,,,1.0
-465.0,,,,,,4.0
-464.0,,,,,,1.0
-463.0,,,,,,3.0
-462.0,,,,,,1.0
-461.0,,,,,,1.0
-460.0,,,,,,1.0
-459.0,,,,,,1.0
-458.0,,,,,,2.0
-456.0,,,,,,2.0
-454.0,,,,,,2.0
-453.0,,,,,,1.0
-451.0,,,,,,1.0
-450.0,,,,,,2.0
-449.0,,,,,1.0,1.0
-448.0,,,,,,1.0
-447.0,,,,,,1.0
-445.0,,,,,,2.0
-441.0,,,,,,3.0
-440.0,,,,,,2.0
-439.0,,,,,,3.0
-438.0,,,,,,3.0
-437.0,,,,,,1.0
-434.0,,,,,,2.0
-433.0,,,,,,1.0
-432.0,,,,,,2.0
-431.0,,,,,,1.0
-430.0,,,,,,3.0
-429.0,,,,,,3.0
-428.0,,,,,,2.0
-426.0,,,,,,2.0
-425.0,,,,,,2.0
-424.0,,,,,,4.0
-423.0,,,,,,3.0
-422.0,,,,,,3.0
-420.0,,,,,,1.0
-418.0,,,,,,1.0
-416.0,,,,,,1.0
-415.0,,,,,,1.0
-414.0,,,,,,2.0
-413.0,,,,,,3.0
-412.0,,,,,,5.0
-411.0,,,,,,8.0
-410.0,,,,,,3.0
-409.0,,,,,,1.0
-408.0,,,,,,2.0
-407.0,,,,,,1.0
-406.0,,,,,,10.0
-405.0,,,,,,7.0
-404.0,,,,,,6.0
-403.0,,,,,,8.0
-402.0,,,,,,4.0
-401.0,,,,,,7.0
-400.0,,,,,1.0,5.0
-399.0,,,,,,5.0
-398.0,,,,,,1.0
-396.0,,,,,,4.0
-395.0,,,,,,3.0
-394.0,,,,,,1.0
-393.0,,,,,,6.0
-392.0,,,,,,1.0
-391.0,,,,,,3.0
-390.0,,,,,,3.0
-389.0,,,,,,3.0
-388.0,,,,,,1.0
-387.0,,,,,,1.0
-386.0,,,,,,1.0
-385.0,,,,,,3.0
-384.0,,,,,,2.0
-383.0,,,,,,1.0
-382.0,,,,,,1.0
-381.0,,,,,,1.0
-380.0,,,,,,6.0
-379.0,,,,,,1.0
-377.0,,,,,,1.0
-376.0,,,,,,1.0
-375.0,,,,,,1.0
-371.0,,,,,,2.0
-370.0,,,,,,7.0
-369.0,,,,,,3.0
-368.0,,,,,,1.0
-366.0,,,,,,2.0
-365.0,,,,,,4.0
-364.0,,,,,,1.0
-363.0,,,,,,1.0
-362.0,,,,,,4.0
-361.0,,,,,,1.0
-360.0,,,,,,3.0
-359.0,,,,,,1.0
-358.0,,,,,,6.0
-357.0,,,,,1.0,2.0
-356.0,,,,,,2.0
-355.0,,,,,,2.0
-354.0,,,,,,4.0
-353.0,,,,,2.0,7.0
-352.0,,,,,,1.0
-351.0,,,,,,1.0
-350.0,,,,,,2.0
-349.0,,,,,,2.0
-347.0,,,,,,4.0
-345.0,,,,,,2.0
-344.0,,,,,,1.0
-343.0,,,,,,3.0
-342.0,,,,,,1.0
-340.0,,,,,,4.0
-339.0,,,,,,1.0
-338.0,,,,,,6.0
-337.0,,,,,,3.0
-336.0,,,,,2.0,8.0
-334.0,,,,,,5.0
-333.0,,,,,,6.0
-332.0,,,,,,7.0
-331.0,,,,,1.0,7.0
-330.0,,,,,,13.0
-329.0,,,,,,4.0
-328.0,,,,,,4.0
-326.0,,,,,1.0,5.0
-325.0,,,,,,6.0
-324.0,,,,,,9.0
-323.0,,,,,4.0,5.0
-322.0,,,,,,6.0
-321.0,,,,,,6.0
-320.0,,,,,1.0,4.0
-319.0,,,,,,3.0
-318.0,,,,,,3.0
-317.0,,,,,1.0,4.0
-316.0,,,,,1.0,9.0
-315.0,,,,,,4.0
-314.0,,,,,,3.0
-313.0,,,,,,1.0
-312.0,,,,,,2.0
-311.0,,,,,,3.0
-310.0,,,,,1.0,2.0
-309.0,,,,,1.0,5.0
-308.0,,,,,1.0,2.0
-307.0,,,,,,1.0
-306.0,,,,,,2.0
-305.0,,,,,,1.0
-303.0,,,,,1.0,2.0
-302.0,,,,,,2.0
-301.0,,,,,,2.0
-300.0,,,,,1.0,1.0
-299.0,,,,,,1.0
-297.0,,,,,,1.0
-296.0,,,,,,2.0
-295.0,,,,,1.0,3.0
-294.0,,,,,,1.0
-291.0,,,,,,1.0
-290.0,,,,,,5.0
-289.0,,,,,,3.0
-287.0,,,,,1.0,2.0
-286.0,,,,,,1.0
-285.0,,,,,,3.0
-284.0,,,,,1.0,2.0
-283.0,,,,,,3.0
-281.0,,,,,,4.0
-280.0,,,,,,3.0
-279.0,,,,,,4.0
-278.0,,,,,,3.0
-277.0,,,,,,1.0
-276.0,,,,,,2.0
-275.0,,,,,,3.0
-274.0,,,,,,1.0
-273.0,,,,,,2.0
-272.0,,,,,,3.0
-271.0,,,,,,1.0
-270.0,,,,,,5.0
-269.0,,,,,,2.0
-268.0,,,,,1.0,1.0
-267.0,,,,,,2.0
-266.0,,,,,,1.0
-265.0,,,,,,4.0
-263.0,,,,,,2.0
-261.0,,,,,,1.0
-260.0,,,,,,6.0
-259.0,,,,,,2.0
-257.0,,,,,,1.0
-256.0,,,,,,2.0
-255.0,,,,,,1.0
-254.0,,,,,,1.0
-253.0,,,,,,1.0
-252.0,,,,,,1.0
-251.0,,,,,,1.0
-250.0,,,,,,6.0
-249.0,,,,,,1.0
-247.0,,,,,,2.0
-246.0,,,,,1.0,4.0
-245.0,,,,,,4.0
-244.0,,,,,,1.0
-243.0,,,,,,2.0
-242.0,,,,,,1.0
-241.0,,,,,2.0,2.0
-240.0,,,,,,4.0
-239.0,,,,,,2.0
-238.0,,,,,,1.0
-236.0,,,,,,1.0
-235.0,,,,,,2.0
-232.0,,,,,,3.0
-230.0,,,,,,5.0
-229.0,,,,,,1.0
-228.0,,,,,,5.0
-227.0,,,,,,3.0
-225.0,,,,,,4.0
-223.0,,,,,,2.0
-222.0,,,,,,2.0
-221.0,,,,,1.0,5.0
-220.0,,,,,,5.0
-219.0,,,,,,2.0
-217.0,,,,,,2.0
-216.0,,,,,,8.0
-215.0,,,,,,6.0
-214.0,,,,,,3.0
-213.0,,,,,,5.0
-212.0,,,,,,4.0
-211.0,,,,,,4.0
-210.0,,,,,,2.0
-209.0,,,,,,2.0
-208.0,,,,,,7.0
-207.0,,,,,,4.0
-206.0,,,,,,4.0
-205.0,,,,,,6.0
-204.0,,,,,1.0,7.0
-203.0,,,,,,2.0
-202.0,,,,,1.0,7.0
-201.0,,,,,,3.0
-200.0,,,,,,4.0
-199.0,,,,,,1.0
-198.0,,,,,,1.0
-197.0,,,,,,1.0
-196.0,,,,,,5.0
-195.0,,,,,,3.0
-194.0,,,,,1.0,3.0
-193.0,,,,,,2.0
-192.0,,,,,,1.0
-191.0,,,,,,1.0
-190.0,,,,,,4.0
-189.0,,,,,,2.0
-188.0,,,,,,3.0
-187.0,,,,,1.0,1.0
-186.0,,,,,,1.0
-184.0,,,,,,3.0
-183.0,,,,,,5.0
-182.0,,,,,,1.0
-181.0,,,,,,1.0
-180.0,,,,,1.0,9.0
-179.0,,,,,,3.0
-178.0,,,,,,2.0
-177.0,,,,,,3.0
-176.0,,,,,1.0,3.0
-175.0,,,,,,3.0
-174.0,,,,,,7.0
-172.0,,,,,,1.0
-171.0,,,,,,3.0
-170.0,,,,,,4.0
-169.0,,,,,,4.0
-168.0,,,,,,1.0
-167.0,,,,,,2.0
-166.0,,,,,,2.0
-164.0,,,,,,4.0
-163.0,,,,,1.0,1.0
-162.0,,,,,,4.0
-161.0,,,,,,4.0
-160.0,,,,,,4.0
-159.0,,,,,,4.0
-158.0,,,,,,1.0
-157.0,,,,,,2.0
-155.0,,,,,1.0,1.0
-154.0,,,,,,3.0
-152.0,,,,,,5.0
-151.0,,,,,,1.0
-150.0,,,,,,3.0
-149.0,,,,,,2.0
-148.0,,,,,,3.0
-146.0,,,,,,1.0
-145.0,,,,,,3.0
-144.0,,,,,,2.0
-143.0,,,,,,1.0
-141.0,,,,,,4.0
-138.0,,,,,,5.0
-137.0,,,,,,2.0
-135.0,,,,,1.0,1.0
-133.0,,,,,,2.0
-132.0,,,,,,2.0
-131.0,,,,,,1.0
-130.0,,,,,,6.0
-129.0,,,,,,6.0
-127.0,,,,,,2.0
-126.0,,,,,1.0,2.0
-125.0,,,,,,3.0
-124.0,,,,,,4.0
-123.0,,,,,,3.0
-122.0,,,,,,1.0
-121.0,,,,,1.0,2.0
-120.0,,,,,,3.0
-119.0,,,,,,2.0
-118.0,,,,,,2.0
-117.0,,,,,,3.0
-116.0,,,,,1.0,1.0
-115.0,,,,,,3.0
-114.0,,,,,1.0,1.0
-113.0,,,,,,2.0
-112.0,,,,,1.0,4.0
-111.0,,,,,1.0,3.0
-110.0,,,,,2.0,2.0
-109.0,,,,,,4.0
-108.0,,,,,,2.0
-107.0,,,,,,2.0
-106.0,,,,,,1.0
-105.0,,,,,,1.0
-104.0,,,,,1.0,6.0
-103.0,,,,,,3.0
-102.0,,,,,,1.0
-101.0,,,,,1.0,5.0
-100.0,,,,,,7.0
-98.0,,,,,,1.0
-97.0,,,,,,1.0
-96.0,,,,,,2.0
-95.0,,,,,,3.0
-94.0,,,,,,1.0
-92.0,,,,,,1.0
-91.0,,,,,1.0,4.0
-90.0,,,,,,7.0
-89.0,,,,,,8.0
-88.0,,,,,,8.0
-87.0,,,,,,11.0
-86.0,,,,,,3.0
-85.0,,,,,,6.0
-84.0,,,,,,4.0
-83.0,,,,,,2.0
-82.0,,,,,1.0,9.0
-81.0,,,,,1.0,3.0
-80.0,,,,,1.0,5.0
-78.0,,,,,,5.0
-77.0,,,,,1.0,5.0
-76.0,,,,,,2.0
-74.0,,,,,,3.0
-73.0,,,,,,1.0
-72.0,,,,,,5.0
-71.0,,,,,1.0,4.0
-70.0,,,,,,5.0
-69.0,,,,,3.0,
-68.0,,,,,,3.0
-67.0,,,,,1.0,4.0
-66.0,,,,,,2.0
-65.0,,,,,,1.0
-64.0,,,,,,1.0
-63.0,,,,,,5.0
-62.0,,,,,,3.0
-61.0,,,,,,3.0
-59.0,,,,,,5.0
-58.0,,,,,,2.0
-57.0,,,,,1.0,3.0
-56.0,,,,,1.0,3.0
-55.0,,,,,2.0,3.0
-54.0,,,,,2.0,5.0
-53.0,,,,,,8.0
-52.0,,,,,,6.0
-51.0,,,,,1.0,3.0
-50.0,,,,,1.0,1.0
-49.0,,,,,,6.0
-48.0,,,,,1.0,12.0
-47.0,,,,,,6.0
-46.0,,,,,,13.0
-45.0,,,,,2.0,5.0
-44.0,,,,,1.0,8.0
-43.0,,,,,,18.0
-42.0,,,,,3.0,13.0
-41.0,,,,,1.0,3.0
-40.0,,,,,1.0,8.0
-39.0,,,,,1.0,2.0
-38.0,,,,,,4.0
-37.0,,,,,1.0,3.0
-36.0,,,,,,1.0
-35.0,,,,,,7.0
-34.0,,,,,,3.0
-33.0,,,,,,2.0
-32.0,,,,,,2.0
-31.0,,,,,1.0,3.0
-30.0,,,,,,10.0
-29.0,,,,,2.0,4.0
-28.0,,,,,,1.0
-27.0,,,,,,1.0
-26.0,,,,,,1.0
-25.0,,,,,,2.0
-24.0,,,,,,4.0
-23.0,,,,,,1.0
-22.0,,,,,,2.0
-21.0,,,,,,1.0
-20.0,,,,,,3.0
-19.0,,,,,,6.0
-18.0,,,,,1.0,1.0
-17.0,,,,,,1.0
-16.0,,,,,,2.0
-15.0,,,,,,3.0
-14.0,,,,,,2.0
-13.0,,,,,,3.0
-12.0,,,,,,4.0
-11.0,,,,,1.0,1.0
-10.0,,,,,,3.0
-9.0,,,,,,3.0
-8.0,,,,,,2.0
-7.0,,,,,,7.0
-6.0,,,,,,1.0
-5.0,,,,,,2.0
-4.0,,,,,1.0,4.0
-3.0,,,,,2.0,
-2.0,,,,,1.0,3.0
-1.0,,,,,1.0,1.0
0.0,,,,,1.0,1.0
1.0,,,,,,1.0
2.0,,,,,1.0,3.0
4.0,,,,,1.0,4.0
6.0,1.0,,,,,2.0
7.0,,,,,,2.0
8.0,,,,,,1.0
9.0,,,,,1.0,3.0
10.0,,,,,,4.0
11.0,,,,,,1.0
13.0,,,,,1.0,2.0
14.0,,,,,2.0,6.0
15.0,,,,,1.0,2.0
16.0,,,,,2.0,3.0
17.0,,,,,,7.0
18.0,,,,,1.0,5.0
19.0,1.0,,,,,4.0
20.0,,,,,2.0,7.0
21.0,,,,,1.0,2.0
22.0,,,,,1.0,2.0
23.0,,,,,,10.0
24.0,,,,,2.0,3.0
25.0,,,,,,6.0
26.0,1.0,,,,,4.0
27.0,,,,,,4.0
28.0,,,,,1.0,
29.0,1.0,,,,1.0,1.0
30.0,,,,,,3.0
31.0,,,,,2.0,4.0
32.0,,,,,,3.0
33.0,,,,,2.0,5.0
34.0,,,,,,3.0
35.0,,,,,,2.0
36.0,,,,,2.0,6.0
37.0,,,,,1.0,4.0
38.0,,,,,1.0,6.0
39.0,,,,,1.0,6.0
40.0,,,,,,2.0
41.0,,,,,4.0,5.0
42.0,,,,,,4.0
43.0,,,,,1.0,2.0
44.0,,,,,,3.0
45.0,,,,,,2.0
46.0,,,,,,4.0
47.0,,,,,,5.0
48.0,1.0,,,,1.0,4.0
49.0,,,,,1.0,1.0
50.0,,,,,,2.0
51.0,,,,,,4.0
52.0,,,,,1.0,2.0
53.0,,,,,,2.0
54.0,,,,,1.0,7.0
55.0,1.0,,,,1.0,3.0
56.0,,,,,,2.0
57.0,,,,,,1.0
58.0,,,,,,2.0
59.0,,,,,3.0,3.0
60.0,,,,,,3.0
61.0,,,,,1.0,3.0
62.0,,,,,1.0,9.0
63.0,1.0,,,,1.0,2.0
64.0,,,,,1.0,3.0
65.0,,,,,2.0,8.0
66.0,,,,,2.0,6.0
67.0,,,,,,9.0
68.0,,,,,,14.0
69.0,,,,,4.0,15.0
70.0,,,,,1.0,14.0
71.0,,,,,,2.0
72.0,,,,,,1.0
73.0,,,,,,1.0
74.0,,,,,,1.0
75.0,,,,,,3.0
78.0,,,,,,1.0
79.0,,,,,3.0,5.0
80.0,,,,,,2.0
81.0,,,,,,1.0
82.0,,,,,1.0,3.0
83.0,,,,,1.0,
84.0,,,,,,1.0
85.0,,,,,1.0,2.0
87.0,,,,,,1.0
88.0,,,,,,3.0
89.0,,,,,,3.0
90.0,,,,,,2.0
91.0,,,,,1.0,
92.0,,,,,,3.0
93.0,,,,,,2.0
94.0,,,,,,1.0
95.0,,,,,,3.0
96.0,,,,,,3.0
97.0,,,,,1.0,4.0
98.0,,,,,,6.0
99.0,,,,,,1.0
100.0,,,,,1.0,4.0
101.0,,,,,,2.0
102.0,,,,,1.0,1.0
103.0,,,,,,2.0
104.0,,,,,,1.0
105.0,,,,,,4.0
106.0,,,,,,7.0
107.0,,,,,1.0,6.0
108.0,,,,,,2.0
109.0,,,,,,2.0
110.0,,,,,,2.0
111.0,,,,,,1.0
112.0,,,,,1.0,6.0
113.0,,,,,,1.0
114.0,,,,,,4.0
115.0,,,,,,3.0
116.0,,,,,1.0,5.0
117.0,,,,,1.0,5.0
118.0,,,,,,8.0
119.0,,,,,3.0,2.0
120.0,,,,,2.0,10.0
121.0,,,,,2.0,5.0
124.0,,,,,,2.0
125.0,,,,,,3.0
126.0,,,,,2.0,1.0
127.0,,,,,1.0,2.0
128.0,,,,,,3.0
129.0,,,,,,2.0
130.0,,,,,4.0,9.0
131.0,,,,,,2.0
132.0,,,,,,3.0
133.0,,,,,,1.0
134.0,,,,,,1.0
135.0,,,,,,5.0
136.0,,,,,1.0,3.0
138.0,,,,,1.0,7.0
139.0,1.0,,,,1.0,2.0
140.0,,,,,1.0,5.0
141.0,,,,,,1.0
143.0,,,,,1.0,2.0
144.0,,,,,,3.0
145.0,,,,,,2.0
146.0,,,,,,2.0
147.0,1.0,,,,,1.0
148.0,,,,,,1.0
150.0,,,,,1.0,4.0
151.0,,,,,,2.0
152.0,,,,,2.0,
153.0,,,,,,1.0
154.0,,,,,,4.0
155.0,,,,,,1.0
156.0,,,,,,3.0
159.0,,,,,1.0,2.0
160.0,1.0,,,,2.0,1.0
161.0,,,,,1.0,2.0
162.0,,,,,,1.0
163.0,,,,,,3.0
165.0,1.0,,,,4.0,4.0
166.0,,,,,,4.0
167.0,,,,,,2.0
168.0,1.0,,,,,6.0
169.0,1.0,,,,,5.0
170.0,1.0,,,,,11.0
171.0,,,,,,1.0
172.0,2.0,,,,1.0,1.0
174.0,,,,,,1.0
175.0,,,,,1.0,6.0
177.0,1.0,,,,3.0,5.0
178.0,1.0,,,,1.0,4.0
179.0,,,,,,3.0
180.0,,,,,,12.0
181.0,,,,,,1.0
182.0,,,,,2.0,6.0
183.0,,,,,,2.0
184.0,,,,,,7.0
185.0,,,,,,3.0
186.0,1.0,,,,,4.0
187.0,1.0,,,,,3.0
188.0,,,,,,4.0
189.0,1.0,,,,2.0,13.0
190.0,2.0,,,,,9.0
191.0,,,,,1.0,11.0
192.0,,,,,2.0,15.0
193.0,,,,,1.0,11.0
194.0,,,,,,4.0
195.0,,,,,,12.0
196.0,,,,,,7.0
197.0,1.0,,,,,19.0
198.0,,,,,,8.0
199.0,,,,,1.0,8.0
200.0,1.0,,,,,17.0
201.0,2.0,,,,,7.0
202.0,,,,,1.0,6.0
203.0,,,,,1.0,5.0
204.0,,,,,,6.0
205.0,,,,,1.0,3.0
206.0,,,,,,3.0
207.0,,,,,,7.0
208.0,1.0,,,,,11.0
209.0,,,,,,6.0
210.0,1.0,,,,,4.0
211.0,,,,,,12.0
212.0,,,,,2.0,10.0
213.0,,,,,,3.0
214.0,1.0,,,,1.0,2.0
215.0,,,,,,5.0
216.0,,,,,,7.0
217.0,,,,,1.0,13.0
218.0,1.0,,,,,10.0
219.0,,,,,,17.0
220.0,1.0,,,,,7.0
221.0,,,,,1.0,8.0
222.0,1.0,,,,1.0,15.0
223.0,1.0,,,,,9.0
224.0,,,,,1.0,4.0
225.0,,,,,,1.0
226.0,,,,,1.0,4.0
227.0,,,,,,8.0
228.0,1.0,,,,1.0,11.0
229.0,,,,,,2.0
230.0,,,,,2.0,11.0
231.0,,,,,,6.0
232.0,,,,,,4.0
233.0,,,,,1.0,4.0
234.0,1.0,,,,2.0,8.0
235.0,,,,,2.0,15.0
236.0,,,,,,4.0
237.0,,,,,3.0,1.0
238.0,,,,,1.0,12.0
239.0,,,,,,3.0
240.0,,,,,,5.0
241.0,,,,,,4.0
242.0,,,,,,4.0
243.0,,,,,,4.0
244.0,,,,,,6.0
245.0,,,,,1.0,3.0
246.0,,,,,,1.0
247.0,,,,,1.0,4.0
248.0,,,,,2.0,3.0
249.0,,,,,4.0,16.0
250.0,2.0,,,,5.0,25.0
251.0,1.0,,,,1.0,19.0
252.0,,,,,1.0,2.0
253.0,1.0,,,,1.0,7.0
254.0,,,,,,7.0
255.0,,,,,,6.0
256.0,,,,,,9.0
257.0,,,,,,9.0
258.0,1.0,,,,3.0,12.0
259.0,,,,,,6.0
260.0,,,,,1.0,11.0
261.0,1.0,,,,1.0,7.0
262.0,,,,,,7.0
263.0,,,,,1.0,7.0
264.0,1.0,,,,,10.0
265.0,,,,,1.0,6.0
266.0,,,,,,2.0
267.0,,,,,,2.0
268.0,,,,,2.0,9.0
269.0,1.0,,,,3.0,7.0
270.0,1.0,,,,,12.0
271.0,,,,,1.0,12.0
272.0,1.0,,,,,3.0
273.0,,,,,1.0,11.0
274.0,,,,,1.0,4.0
275.0,1.0,,,,1.0,5.0
276.0,,,,,,7.0
277.0,1.0,,,,,2.0
278.0,,,,,1.0,3.0
279.0,,,,,,3.0
280.0,,,,,,7.0
281.0,,,,,,2.0
282.0,,,,,,7.0
283.0,,,,,,8.0
284.0,,,,,,5.0
285.0,,,,,,3.0
286.0,,,,,3.0,11.0
287.0,,,,,,5.0
288.0,,,,,,4.0
289.0,1.0,,,,,1.0
290.0,1.0,,,,,4.0
291.0,1.0,,,,,8.0
292.0,,,,,1.0,2.0
293.0,,,,,1.0,7.0
294.0,,,,,,1.0
295.0,,,,,1.0,2.0
296.0,,,,,,2.0
297.0,,,,,,6.0
298.0,,,,,1.0,5.0
299.0,,,,,,1.0
300.0,1.0,,,,1.0,6.0
301.0,1.0,,,,1.0,3.0
302.0,,,,,,9.0
303.0,,,,,7.0,34.0
304.0,1.0,,,,28.0,39.0
305.0,1.0,,,,3.0,16.0
306.0,,,,,1.0,14.0
307.0,,,,,1.0,6.0
308.0,,,,,,1.0
309.0,,,,,1.0,11.0
310.0,,,,,2.0,7.0
311.0,3.0,,,,3.0,7.0
312.0,,,,,2.0,8.0
313.0,1.0,,,,2.0,6.0
314.0,,,,,1.0,4.0
315.0,,,,,2.0,2.0
316.0,1.0,,,,1.0,6.0
317.0,1.0,,,,1.0,2.0
318.0,2.0,,,,,5.0
319.0,,,,,,2.0
320.0,,,,,1.0,8.0
321.0,,,,,,1.0
322.0,1.0,,,,1.0,3.0
323.0,1.0,,,,,3.0
324.0,,,,,,5.0
325.0,,,,,,4.0
326.0,,,,,2.0,5.0
327.0,,,,,,2.0
328.0,,,,,1.0,3.0
329.0,1.0,,,,,5.0
330.0,,,,,2.0,5.0
332.0,,,,,1.0,1.0
333.0,2.0,,,,1.0,4.0
334.0,,,,,2.0,4.0
335.0,1.0,,,,2.0,6.0
336.0,1.0,,,,,4.0
337.0,,,,,,7.0
338.0,,,,,,6.0
339.0,,,,,,2.0
340.0,,,,,2.0,5.0
341.0,1.0,,,,1.0,3.0
342.0,,,,,,2.0
343.0,,,,,,2.0
344.0,,,,,,4.0
345.0,,,,,,4.0
346.0,,,,,,5.0
347.0,,,,,1.0,
348.0,,,,,,7.0
349.0,,,,,4.0,4.0
350.0,,,,,1.0,14.0
351.0,,,,,,3.0
352.0,1.0,,,,,2.0
353.0,,,,,,8.0
354.0,,,,,2.0,2.0
355.0,,,,,3.0,6.0
356.0,2.0,,,,1.0,7.0
357.0,,,,,,6.0
358.0,,,,,1.0,1.0
359.0,,,,,,3.0
360.0,,,,,2.0,11.0
361.0,,,,,,12.0
362.0,,,,,3.0,15.0
363.0,,,,,2.0,7.0
364.0,,,,,,6.0
365.0,2.0,,,,2.0,7.0
366.0,,,,,1.0,8.0
367.0,,,,,,4.0
368.0,3.0,,,,,7.0
369.0,,,,,,2.0
370.0,,,,,,5.0
371.0,,,,,1.0,4.0
372.0,,,,,1.0,6.0
373.0,,,,,,5.0
374.0,,,,,,7.0
375.0,,,,,1.0,9.0
376.0,,,,,,9.0
377.0,,,,,,7.0
378.0,,,,,,9.0
379.0,,,,,,5.0
380.0,,,,,2.0,5.0
381.0,,,,,,5.0
383.0,,,,,2.0,6.0
384.0,,,,,4.0,8.0
385.0,,,,,,7.0
386.0,,,,,3.0,16.0
387.0,,,,,1.0,4.0
388.0,,,,,1.0,14.0
389.0,,,,,1.0,3.0
390.0,1.0,,,,1.0,10.0
391.0,,,,,,7.0
392.0,,,,,,2.0
393.0,,,,,,3.0
394.0,,,,,1.0,12.0
395.0,,,,,,7.0
396.0,,,,,2.0,5.0
397.0,,,,,2.0,7.0
398.0,2.0,,,,,6.0
399.0,,,,,1.0,7.0
400.0,,,,,2.0,15.0
401.0,2.0,,,,1.0,4.0
402.0,,,,,1.0,5.0
403.0,,,,,,5.0
404.0,1.0,,,,2.0,3.0
405.0,,,,,1.0,12.0
406.0,,,,,1.0,8.0
407.0,1.0,,,,2.0,14.0
408.0,,,,,3.0,8.0
409.0,,,,,2.0,7.0
410.0,2.0,,,,3.0,10.0
411.0,1.0,,,,,10.0
412.0,1.0,,,,1.0,6.0
413.0,1.0,,,,,7.0
414.0,,,,,,5.0
415.0,,,,,2.0,7.0
416.0,2.0,,,,,5.0
417.0,,,,,1.0,8.0
418.0,1.0,,,,,8.0
419.0,,,,,,1.0
420.0,,,,,2.0,12.0
421.0,,,,,1.0,8.0
422.0,,,,,,7.0
423.0,1.0,,,,2.0,4.0
424.0,,,,,,3.0
425.0,,,,,1.0,7.0
426.0,,,,,1.0,4.0
427.0,,,,,,5.0
428.0,,,,,,4.0
429.0,,,,,,4.0
430.0,,,,,,10.0
431.0,,,,,,2.0
432.0,,,,,1.0,8.0
433.0,,,,,,2.0
434.0,,,,,,6.0
435.0,,,,,1.0,6.0
436.0,,,,,1.0,3.0
437.0,,,,,1.0,1.0
438.0,,,,,,3.0
439.0,,,,,2.0,4.0
440.0,,,,,2.0,7.0
441.0,,,,,,2.0
442.0,1.0,,,,,1.0
443.0,,,,,,3.0
444.0,,,,,1.0,6.0
445.0,3.0,,,,,3.0
446.0,,,,,,4.0
447.0,1.0,,,,,4.0
448.0,1.0,,,,1.0,6.0
449.0,,,,,,8.0
450.0,,,,,2.0,16.0
451.0,,,,,,14.0
452.0,,,,,1.0,4.0
453.0,1.0,,,,5.0,10.0
454.0,,,,,,7.0
455.0,,,,,1.0,9.0
456.0,,,,,1.0,6.0
457.0,,,,,1.0,11.0
458.0,1.0,,,,,3.0
459.0,,,,,,4.0
460.0,,,,,1.0,9.0
461.0,,,,,,6.0
462.0,,,,,,5.0
463.0,,,,,1.0,5.0
464.0,,,,,1.0,4.0
465.0,1.0,,,,1.0,6.0
466.0,2.0,,,,1.0,5.0
467.0,,,,,1.0,2.0
468.0,,,,,,4.0
469.0,,,,,,5.0
470.0,,,,,1.0,4.0
471.0,1.0,,,,1.0,7.0
472.0,,,,,,4.0
473.0,,,,,,4.0
474.0,1.0,,,,,7.0
475.0,1.0,,,,1.0,10.0
476.0,,,,,,5.0
477.0,1.0,,,,1.0,7.0
478.0,,,,,,3.0
479.0,,,,,1.0,4.0
480.0,,,,,,16.0
481.0,,,,,,3.0
482.0,1.0,,,,,8.0
483.0,,,,,,3.0
484.0,,,,,2.0,7.0
485.0,,,,,,8.0
486.0,1.0,,,,,3.0
487.0,,,,,,6.0
488.0,,,,,,10.0
489.0,1.0,,,,1.0,6.0
490.0,2.0,,,,1.0,8.0
491.0,1.0,,,,,6.0
492.0,1.0,,,,,5.0
493.0,2.0,,,,1.0,5.0
494.0,2.0,,,,,2.0
495.0,2.0,,,,,5.0
496.0,1.0,,,,,4.0
497.0,1.0,,,,,5.0
498.0,,,,,,6.0
499.0,2.0,,,,1.0,2.0
500.0,1.0,,,,,8.0
501.0,,,,,2.0,8.0
502.0,1.0,,,,1.0,5.0
503.0,,,,,,3.0
504.0,1.0,,,,,
505.0,1.0,,,,,5.0
506.0,1.0,,,,,2.0
507.0,,,,,1.0,8.0
508.0,1.0,,,,,8.0
509.0,,,,,,4.0
510.0,,,,,,6.0
511.0,,,,,,3.0
512.0,,,,,3.0,5.0
513.0,,,,,1.0,2.0
514.0,,,,,,3.0
515.0,1.0,,,,1.0,6.0
516.0,,,,,,3.0
517.0,1.0,,,,,
518.0,,,,,2.0,9.0
519.0,1.0,,,,,2.0
520.0,1.0,,,,,10.0
521.0,2.0,,,,,4.0
522.0,1.0,,,,,4.0
523.0,,,,,,8.0
524.0,3.0,,,,,6.0
525.0,2.0,,,,2.0,5.0
526.0,1.0,,,,1.0,6.0
527.0,3.0,,,,,3.0
528.0,1.0,,,,2.0,5.0
529.0,2.0,,,,,9.0
530.0,,,,,,12.0
531.0,1.0,,,,1.0,6.0
532.0,,,,,1.0,11.0
533.0,,,,,,12.0
534.0,,,,,1.0,7.0
535.0,,,,,1.0,8.0
536.0,,,,,,9.0
537.0,1.0,,,,,9.0
538.0,,,,,,6.0
539.0,,,,,,5.0
540.0,,,,,2.0,15.0
541.0,1.0,,,,,6.0
542.0,,,,,1.0,7.0
543.0,,,,,,2.0
544.0,,,,,2.0,4.0
545.0,,,,,2.0,6.0
546.0,,,,,,7.0
547.0,1.0,,,,1.0,5.0
548.0,,,,,1.0,9.0
549.0,3.0,,,,1.0,9.0
550.0,,,,,1.0,16.0
551.0,2.0,,,,1.0,5.0
552.0,1.0,,,,,17.0
553.0,,,,,,7.0
554.0,2.0,,,,1.0,7.0
555.0,,,,,1.0,11.0
556.0,,,,,1.0,7.0
557.0,,,,,,5.0
558.0,,,,,1.0,7.0
559.0,,,,,,6.0
560.0,,,,,1.0,18.0
561.0,,,,,,4.0
562.0,1.0,,,,3.0,1.0
563.0,,,,,2.0,1.0
564.0,1.0,,,,,6.0
565.0,1.0,,,,,8.0
566.0,1.0,,,,,6.0
567.0,1.0,,,,,4.0
568.0,1.0,,,,1.0,2.0
569.0,1.0,,,,,7.0
570.0,1.0,,,,4.0,17.0
571.0,1.0,,,,,7.0
572.0,2.0,,,,1.0,10.0
573.0,2.0,,,,,9.0
574.0,,,,,1.0,5.0
575.0,,,,,,5.0
576.0,,,,,2.0,6.0
577.0,,,,,2.0,9.0
578.0,,,,,,13.0
579.0,,,,,,7.0
580.0,4.0,,,,3.0,18.0
581.0,4.0,,,,1.0,9.0
582.0,,,,,1.0,8.0
583.0,,,,,,4.0
584.0,1.0,,,,,8.0
585.0,,,,,2.0,7.0
586.0,1.0,,,,1.0,9.0
587.0,,,,,1.0,11.0
588.0,,,,,2.0,10.0
589.0,1.0,,,,3.0,2.0
590.0,,,,,1.0,12.0
591.0,1.0,,,,1.0,7.0
592.0,,,,,1.0,4.0
593.0,,,,,1.0,8.0
594.0,1.0,,,,,4.0
595.0,,,,,1.0,7.0
596.0,,,,,,4.0
597.0,,,,,1.0,7.0
598.0,,,,,,4.0
599.0,,,,,,7.0
600.0,1.0,,,,,17.0
601.0,,,,,,9.0
602.0,,,,,2.0,10.0
603.0,1.0,,,,,5.0
604.0,1.0,,,,1.0,16.0
605.0,,,,,2.0,8.0
606.0,,,,,,10.0
607.0,,,,,,6.0
608.0,,,,,1.0,3.0
609.0,,,,,2.0,3.0
610.0,1.0,,,,1.0,5.0
611.0,,,,,,6.0
612.0,1.0,,,,3.0,7.0
613.0,,,,,2.0,9.0
614.0,,,,,1.0,5.0
615.0,,,,,,10.0
616.0,2.0,,,,2.0,13.0
617.0,,,,,,12.0
618.0,4.0,,,,,17.0
619.0,,,,,1.0,11.0
620.0,1.0,,,,,12.0
621.0,1.0,,,,,9.0
622.0,,,,,2.0,5.0
623.0,,,,,1.0,10.0
624.0,,,,,,13.0
625.0,1.0,,,,1.0,12.0
626.0,1.0,,,,1.0,6.0
627.0,2.0,,,,,17.0
628.0,,,,,4.0,14.0
629.0,1.0,,,,1.0,16.0
630.0,,,,,1.0,15.0
631.0,,,,,2.0,10.0
632.0,1.0,,,,1.0,16.0
633.0,,,,,1.0,9.0
634.0,,,,,,10.0
635.0,2.0,,,,,12.0
636.0,,,,,2.0,17.0
637.0,,,,,1.0,10.0
638.0,,,,,,9.0
639.0,,,,,,16.0
640.0,1.0,,,,3.0,13.0
641.0,,,,,2.0,16.0
642.0,1.0,,,,1.0,14.0
643.0,,,,,,11.0
644.0,1.0,,,,,7.0
645.0,4.0,,,,1.0,13.0
646.0,,,,,,4.0
647.0,,,,,1.0,11.0
648.0,2.0,,,,1.0,3.0
649.0,1.0,,,,,11.0
650.0,,,,,3.0,12.0
651.0,,,,,,8.0
652.0,,,,,1.0,11.0
653.0,1.0,,,,3.0,16.0
654.0,,,,,,10.0
655.0,,,,,3.0,10.0
656.0,1.0,,,,3.0,14.0
657.0,1.0,,,,1.0,10.0
658.0,,,,,1.0,13.0
659.0,2.0,,,,1.0,7.0
660.0,,,,,1.0,10.0
661.0,1.0,,,,4.0,16.0
662.0,,,,,,14.0
663.0,,,,,,8.0
664.0,,,,,2.0,16.0
665.0,,,,,2.0,16.0
666.0,1.0,,,,,8.0
667.0,,,,,,5.0
668.0,,,,,,14.0
669.0,1.0,,,,1.0,5.0
670.0,,,,,2.0,14.0
671.0,,,,,,5.0
672.0,,,,,,9.0
673.0,,,,,,13.0
674.0,1.0,,,,1.0,8.0
675.0,,,,,1.0,12.0
676.0,,,,,1.0,11.0
677.0,,,,,,5.0
678.0,,,,,2.0,8.0
679.0,1.0,,,,3.0,11.0
680.0,,,,,4.0,21.0
681.0,,,,,,11.0
682.0,3.0,,,,3.0,13.0
683.0,,,,,2.0,12.0
684.0,,,,,2.0,10.0
685.0,,,,,,14.0
686.0,,,,,1.0,18.0
687.0,,,,,1.0,5.0
688.0,1.0,,,,2.0,10.0
689.0,,,,,,17.0
690.0,,,,,6.0,21.0
691.0,1.0,,,,,12.0
692.0,,,,,2.0,6.0
693.0,,,,,3.0,11.0
694.0,,,,,,4.0
695.0,,,,,,7.0
696.0,,,,,2.0,11.0
697.0,,,,,1.0,11.0
698.0,,,,,,6.0
699.0,,,,,4.0,6.0
700.0,,,,,4.0,16.0
701.0,,,,,2.0,7.0
702.0,,,,,2.0,11.0
703.0,1.0,,,,1.0,3.0
704.0,,,,,3.0,6.0
705.0,,,,,2.0,21.0
706.0,1.0,,,,,9.0
707.0,1.0,,,,,8.0
708.0,,,,,1.0,6.0
709.0,,,,,,9.0
710.0,,,,,4.0,18.0
711.0,1.0,,,,,7.0
712.0,,,,,1.0,14.0
713.0,2.0,,,,2.0,12.0
714.0,,,,,1.0,10.0
715.0,,,,,2.0,18.0
716.0,,,,,1.0,18.0
717.0,,,,,1.0,12.0
718.0,,,,,1.0,7.0
719.0,,,,,1.0,9.0
720.0,,,,,1.0,12.0
721.0,,,,,2.0,9.0
722.0,,,,,1.0,9.0
723.0,1.0,,,,,9.0
724.0,,,,,2.0,7.0
725.0,,,,,2.0,9.0
726.0,,,,,1.0,5.0
727.0,,,,,1.0,6.0
728.0,,,,,1.0,12.0
729.0,1.0,,,,1.0,8.0
730.0,,,,,3.0,21.0
731.0,1.0,,,,,11.0
732.0,,,,,,8.0
733.0,,,,,,3.0
734.0,1.0,,,,3.0,5.0
735.0,,,,,2.0,12.0
736.0,,,,,1.0,4.0
737.0,,,,,1.0,20.0
738.0,,,,,,15.0
739.0,,,,,,9.0
740.0,,,,,1.0,23.0
741.0,,,,,1.0,17.0
742.0,,,,,,14.0
743.0,,,,,1.0,11.0
744.0,,,,,,12.0
745.0,,,,,,12.0
746.0,,,,,1.0,8.0
747.0,,,,,,7.0
748.0,1.0,,,,1.0,11.0
749.0,,,,,,6.0
750.0,,,,,1.0,11.0
751.0,1.0,,,,3.0,5.0
752.0,,,,,1.0,8.0
753.0,,,,,,5.0
754.0,,,,,1.0,12.0
755.0,,,,,,12.0
756.0,,,,,1.0,18.0
757.0,1.0,,,,,16.0
758.0,,,,,,4.0
759.0,1.0,,,,1.0,9.0
760.0,2.0,,,,1.0,9.0
761.0,1.0,,,,,10.0
762.0,,,,,1.0,10.0
763.0,,,,,,10.0
764.0,,,,,,14.0
765.0,,,,,,14.0
766.0,,,,,,9.0
767.0,,,,,,11.0
768.0,1.0,,,,,12.0
769.0,1.0,,,,,7.0
770.0,,,,,2.0,10.0
771.0,,,,,,6.0
772.0,,,,,1.0,6.0
773.0,,,,,,6.0
774.0,,,,,1.0,12.0
775.0,,,,,,12.0
776.0,,,,,1.0,6.0
777.0,,,,,,11.0
778.0,,,,,,13.0
779.0,,,,,1.0,6.0
780.0,,,,,1.0,15.0
781.0,,,,,1.0,9.0
782.0,,,,,1.0,12.0
783.0,,,,,2.0,15.0
784.0,3.0,,,,,12.0
785.0,1.0,,,,,18.0
786.0,,,,,1.0,20.0
787.0,1.0,,,,,10.0
788.0,,,,,1.0,9.0
789.0,,,,,1.0,8.0
790.0,,,,,1.0,11.0
791.0,1.0,,,,,8.0
792.0,1.0,,,,,9.0
793.0,,,,,,7.0
794.0,,,,,2.0,11.0
795.0,1.0,,,,,7.0
796.0,,,,,,13.0
797.0,,,,,,9.0
798.0,1.0,,,,,11.0
799.0,,,,,,14.0
800.0,1.0,,,,2.0,9.0
801.0,,,,,1.0,5.0
802.0,,,,,,16.0
803.0,1.0,,,,2.0,10.0
804.0,,,,,1.0,11.0
805.0,,,,,,16.0
806.0,,,,,,12.0
807.0,1.0,,,,,5.0
808.0,,,,,1.0,10.0
809.0,,,,,1.0,12.0
810.0,,,,,2.0,9.0
811.0,,,,,,13.0
812.0,,,,,,13.0
813.0,,,,,,4.0
814.0,,,,,,16.0
815.0,1.0,,,,,14.0
816.0,,,,,1.0,13.0
817.0,1.0,,,,2.0,8.0
818.0,,,,,1.0,21.0
819.0,1.0,,,,,12.0
820.0,,,,,,12.0
821.0,2.0,,,,1.0,16.0
822.0,,,,,,13.0
823.0,,,,,,11.0
824.0,,,,,1.0,16.0
825.0,,,,,2.0,12.0
826.0,1.0,,,,,9.0
827.0,2.0,,,,,11.0
828.0,1.0,,,,2.0,11.0
829.0,,,,,,9.0
830.0,1.0,,,,,11.0
831.0,,,,,2.0,4.0
832.0,,,,,,8.0
833.0,1.0,,,,,12.0
834.0,1.0,,,,1.0,12.0
835.0,,,,,1.0,21.0
836.0,,,,,,13.0
837.0,1.0,,,,,14.0
838.0,1.0,,,,1.0,15.0
839.0,,,,,2.0,19.0
840.0,,,,,2.0,21.0
841.0,,,,,,10.0
842.0,,,,,,16.0
843.0,,,,,1.0,9.0
844.0,,,,,,17.0
845.0,,,,,1.0,15.0
846.0,,,,,1.0,14.0
847.0,,,,,2.0,10.0
848.0,,,,,,10.0
849.0,,,,,,14.0
850.0,,,,,2.0,14.0
851.0,,,,,3.0,9.0
852.0,,,,,,10.0
853.0,1.0,,,,1.0,13.0
854.0,,,,,,12.0
855.0,,,,,1.0,12.0
856.0,,,,,1.0,8.0
857.0,,,,,1.0,14.0
858.0,,,,,,10.0
859.0,,,,,,9.0
860.0,,,,,2.0,11.0
861.0,,,,,,10.0
862.0,,,,,1.0,12.0
863.0,1.0,,,,,12.0
864.0,,,,,2.0,15.0
865.0,,,,,1.0,15.0
866.0,,,,,3.0,16.0
867.0,1.0,,,,1.0,15.0
868.0,,,,,,12.0
869.0,1.0,,,,2.0,17.0
870.0,1.0,,,,3.0,21.0
871.0,,,,,,18.0
872.0,,,,,,14.0
873.0,,,,,,21.0
874.0,,,,,1.0,13.0
875.0,,,,,1.0,13.0
876.0,,,,,1.0,19.0
877.0,1.0,,,,1.0,13.0
878.0,,,,,,14.0
879.0,,,,,2.0,16.0
880.0,3.0,,,,3.0,14.0
881.0,,,,,,15.0
882.0,,,,,1.0,15.0
883.0,,,,,,14.0
884.0,,,,,2.0,14.0
885.0,1.0,,,,1.0,18.0
886.0,,,,,,25.0
887.0,,,,,1.0,16.0
888.0,2.0,,,,,20.0
889.0,1.0,,,,,13.0
890.0,,,,,,14.0
891.0,,,,,1.0,13.0
892.0,,,,,2.0,14.0
893.0,,,,,1.0,14.0
894.0,,,,,,7.0
895.0,1.0,,,,,17.0
896.0,,,,,1.0,23.0
897.0,,,,,1.0,13.0
898.0,,,,,,13.0
899.0,,,,,1.0,11.0
900.0,,,,,3.0,20.0
901.0,1.0,,,,2.0,10.0
902.0,,,,,1.0,10.0
903.0,,,,,2.0,13.0
904.0,,,,,1.0,14.0
905.0,,,,,1.0,11.0
906.0,,,,,1.0,10.0
907.0,,,,,1.0,16.0
908.0,,,,,,21.0
909.0,,,,,,13.0
910.0,,,,,2.0,17.0
911.0,,,,,,11.0
912.0,,,,,,22.0
913.0,,,,,1.0,14.0
914.0,,,,,3.0,13.0
915.0,,,,,2.0,23.0
916.0,1.0,,,,2.0,10.0
917.0,,,,,2.0,11.0
918.0,1.0,,,,3.0,17.0
919.0,1.0,,,,1.0,7.0
920.0,,,,,,10.0
921.0,,,,,2.0,10.0
922.0,,,,,1.0,10.0
923.0,,,,,1.0,18.0
924.0,1.0,,,,1.0,16.0
925.0,,,,,4.0,12.0
926.0,1.0,,,,4.0,21.0
927.0,,,,,1.0,15.0
928.0,1.0,,,,1.0,13.0
929.0,,,,,2.0,13.0
930.0,1.0,,,,1.0,10.0
931.0,1.0,,,,1.0,12.0
932.0,,,,,1.0,13.0
933.0,,,,,1.0,18.0
934.0,,,,,2.0,21.0
935.0,,,,,3.0,14.0
936.0,,,,,,17.0
937.0,,,,,1.0,17.0
938.0,,,,,2.0,5.0
939.0,,,,,1.0,12.0
940.0,,,,,1.0,23.0
941.0,1.0,,,,,16.0
942.0,1.0,,,,2.0,16.0
943.0,,,,,2.0,19.0
944.0,,,,,2.0,15.0
945.0,2.0,,,,2.0,14.0
946.0,,,,,2.0,17.0
947.0,1.0,,,,1.0,12.0
948.0,,,,,2.0,14.0
949.0,,,,,,11.0
950.0,2.0,,,,4.0,15.0
951.0,,,,,,13.0
952.0,,,,,1.0,7.0
953.0,,,,,1.0,9.0
954.0,1.0,,,,2.0,16.0
955.0,,,,,,15.0
956.0,1.0,,,,,17.0
957.0,,,,,,11.0
958.0,,,,,2.0,11.0
959.0,,,,,,9.0
960.0,3.0,,,,3.0,20.0
961.0,,,,,2.0,17.0
962.0,1.0,,,,3.0,17.0
963.0,,,,,2.0,11.0
964.0,1.0,,,,2.0,10.0
965.0,,,,,2.0,20.0
966.0,1.0,,,,,10.0
967.0,1.0,,,,,21.0
968.0,,,,,4.0,15.0
969.0,1.0,,,,1.0,14.0
970.0,,,,,1.0,21.0
971.0,,,,,,14.0
972.0,,,,,1.0,10.0
973.0,,,,,1.0,24.0
974.0,,,,,,12.0
975.0,1.0,,,,,26.0
976.0,,,,,2.0,18.0
977.0,,,,,1.0,15.0
978.0,1.0,,,,2.0,15.0
979.0,1.0,,,,1.0,8.0
980.0,,,,,,11.0
981.0,,,,,,15.0
982.0,,,,,1.0,19.0
983.0,,,,,,15.0
984.0,1.0,,,,4.0,13.0
985.0,,,,,2.0,19.0
986.0,,,,,2.0,8.0
987.0,,,,,1.0,9.0
988.0,1.0,,,,,13.0
989.0,1.0,,,,1.0,13.0
990.0,,,,,,18.0
991.0,,,,,3.0,23.0
992.0,1.0,,,,3.0,24.0
993.0,1.0,,,,,16.0
994.0,1.0,,,,1.0,16.0
995.0,1.0,,,,3.0,24.0
996.0,,,,,1.0,15.0
997.0,,,,,1.0,22.0
998.0,1.0,,,,,16.0
999.0,2.0,,,,3.0,15.0
1000.0,2.0,,,,4.0,20.0
1001.0,,,,,1.0,17.0
1002.0,1.0,,,,3.0,15.0
1003.0,,,,,2.0,19.0
1004.0,3.0,,,,2.0,16.0
1005.0,,,,,1.0,16.0
1006.0,,,,,2.0,10.0
1007.0,1.0,,,,4.0,11.0
1008.0,,,,,4.0,14.0
1009.0,,,,,1.0,17.0
1010.0,,,,,2.0,16.0
1011.0,1.0,,,,2.0,13.0
1012.0,,,,,,26.0
1013.0,1.0,,,,1.0,11.0
1014.0,1.0,,,,1.0,22.0
1015.0,1.0,,,,2.0,24.0
1016.0,1.0,,,,2.0,13.0
1017.0,2.0,,,,4.0,20.0
1018.0,,,,,1.0,24.0
1019.0,,,,,1.0,7.0
1020.0,,,,,1.0,21.0
1021.0,,,,,1.0,15.0
1022.0,,,,,1.0,16.0
1023.0,,,,,3.0,17.0
1024.0,1.0,,,,1.0,12.0
1025.0,1.0,,,,5.0,15.0
1026.0,,,,,1.0,15.0
1027.0,,,,,2.0,20.0
1028.0,1.0,,,,1.0,21.0
1029.0,,,,,2.0,17.0
1030.0,,,,,2.0,26.0
1031.0,1.0,,,,1.0,14.0
1032.0,,,,,3.0,19.0
1033.0,,,,,3.0,16.0
1034.0,,,,,4.0,18.0
1035.0,,,,,4.0,19.0
1036.0,1.0,,,,3.0,19.0
1037.0,,,,,,18.0
1038.0,,,,,3.0,21.0
1039.0,,,,,3.0,20.0
1040.0,,,,,1.0,22.0
1041.0,1.0,,,,2.0,19.0
1042.0,,,,,1.0,18.0
1043.0,1.0,,,,1.0,13.0
1044.0,1.0,,,,2.0,18.0
1045.0,1.0,,,,2.0,24.0
1046.0,,,,,,22.0
1047.0,1.0,,,,,19.0
1048.0,3.0,,,,,18.0
1049.0,,,,,2.0,13.0
1050.0,,,,,4.0,13.0
1051.0,1.0,,,,1.0,17.0
1052.0,,,,,1.0,15.0
1053.0,,,,,1.0,17.0
1054.0,,,,,1.0,22.0
1055.0,,,,,,27.0
1056.0,,,,,2.0,9.0
1057.0,,,,,1.0,21.0
1058.0,1.0,,,,3.0,19.0
1059.0,,,,,1.0,11.0
1060.0,,,,,2.0,22.0
1061.0,1.0,,,,1.0,13.0
1062.0,,,,,3.0,18.0
1063.0,2.0,,,,2.0,18.0
1064.0,,,,,1.0,14.0
1065.0,,,,,2.0,17.0
1066.0,,,,,3.0,32.0
1067.0,,,,,4.0,28.0
1068.0,,,,,1.0,15.0
1069.0,,,,,1.0,15.0
1070.0,,,,,2.0,17.0
1071.0,1.0,,,,5.0,16.0
1072.0,1.0,,,,1.0,29.0
1073.0,,,,,,16.0
1074.0,1.0,,,,3.0,21.0
1075.0,,,,,3.0,25.0
1076.0,1.0,,,,4.0,13.0
1077.0,,,,,3.0,17.0
1078.0,,,,,1.0,28.0
1079.0,2.0,,,,5.0,22.0
1080.0,,,,,1.0,21.0
1081.0,,,,,,17.0
1082.0,2.0,,,,1.0,11.0
1083.0,1.0,,,,3.0,16.0
1084.0,1.0,,,,1.0,18.0
1085.0,,,,,3.0,19.0
1086.0,1.0,,,,2.0,20.0
1087.0,1.0,,,,5.0,22.0
1088.0,1.0,,,,1.0,29.0
1089.0,,,,,1.0,16.0
1090.0,,,,,5.0,29.0
1091.0,,,,,4.0,19.0
1092.0,,,,,,17.0
1093.0,,,,,6.0,23.0
1094.0,2.0,,,,2.0,27.0
1095.0,,,,,4.0,30.0
1096.0,1.0,,,,5.0,22.0
1097.0,1.0,,,,3.0,28.0
1098.0,,,,,1.0,16.0
1099.0,,,,,1.0,14.0
1100.0,1.0,,,,3.0,24.0
1101.0,,,,,3.0,33.0
1102.0,,,,,2.0,24.0
1103.0,,,,,3.0,21.0
1104.0,1.0,,,,2.0,16.0
1105.0,2.0,,,,4.0,18.0
1106.0,,,,,,28.0
1107.0,1.0,,,,2.0,27.0
1108.0,,,,,2.0,19.0
1109.0,1.0,,,,2.0,17.0
1110.0,,,,,2.0,19.0
1111.0,2.0,,,,6.0,20.0
1112.0,,,,,,28.0
1113.0,,,,,3.0,21.0
1114.0,,,,,3.0,12.0
1115.0,,,,,3.0,19.0
1116.0,1.0,,,,1.0,18.0
1117.0,1.0,,,,7.0,19.0
1118.0,1.0,,,,3.0,32.0
1119.0,2.0,,,,1.0,27.0
1120.0,,,,,4.0,32.0
1121.0,,,,,,25.0
1122.0,,,,,4.0,22.0
1123.0,,,,,2.0,30.0
1124.0,1.0,,,,,27.0
1125.0,,,,,3.0,32.0
1126.0,1.0,,,,7.0,34.0
1127.0,1.0,,,,6.0,28.0
1128.0,,,,,2.0,21.0
1129.0,2.0,,,,3.0,21.0
1130.0,,,,,6.0,35.0
1131.0,3.0,,,,4.0,24.0
1132.0,,,,,1.0,17.0
1133.0,,,,,1.0,10.0
1134.0,,,,,1.0,29.0
1135.0,1.0,,,,5.0,26.0
1136.0,,,,,2.0,22.0
1137.0,1.0,,,,2.0,36.0
1138.0,,,,,2.0,34.0
1139.0,2.0,,,,1.0,25.0
1140.0,1.0,,,,1.0,28.0
1141.0,,,,,6.0,30.0
1142.0,1.0,,,,5.0,24.0
1143.0,1.0,,,,3.0,24.0
1144.0,1.0,,,,4.0,21.0
1145.0,,,,,3.0,22.0
1146.0,,,,,3.0,22.0
1147.0,1.0,,,,1.0,25.0
1148.0,1.0,,,,3.0,46.0
1149.0,,,,,4.0,22.0
1150.0,1.0,,,,3.0,27.0
1151.0,,,,,6.0,25.0
1152.0,1.0,,,,3.0,27.0
1153.0,1.0,,,,1.0,31.0
1154.0,1.0,,,,6.0,25.0
1155.0,,,,,1.0,27.0
1156.0,,,,,3.0,31.0
1157.0,1.0,,,,2.0,24.0
1158.0,,,,,1.0,26.0
1159.0,,,,,4.0,22.0
1160.0,1.0,,,,8.0,41.0
1161.0,,,,,3.0,28.0
1162.0,1.0,,,,4.0,35.0
1163.0,,,,,4.0,23.0
1164.0,,,,,4.0,29.0
1165.0,2.0,,,,2.0,19.0
1166.0,,,,,1.0,31.0
1167.0,1.0,,,,3.0,39.0
1168.0,,,,,2.0,21.0
1169.0,1.0,,,,2.0,29.0
1170.0,,,,,2.0,41.0
1171.0,1.0,,,,,36.0
1172.0,1.0,,,,4.0,22.0
1173.0,2.0,,,,3.0,28.0
1174.0,,,,,1.0,27.0
1175.0,,,,,1.0,17.0
1176.0,,,,,4.0,30.0
1177.0,1.0,,,,2.0,20.0
1178.0,,,,,4.0,25.0
1179.0,,,,,2.0,26.0
1180.0,1.0,,,,6.0,48.0
1181.0,,,,,1.0,36.0
1182.0,,,,,5.0,32.0
1183.0,,,,,3.0,23.0
1184.0,,,,,4.0,40.0
1185.0,1.0,,,,3.0,35.0
1186.0,,,,,4.0,27.0
1187.0,,,,,1.0,29.0
1188.0,1.0,,,,3.0,24.0
1189.0,1.0,,,,4.0,39.0
1190.0,,,,,7.0,51.0
1191.0,,,,,4.0,54.0
1192.0,,,,,,28.0
1193.0,2.0,,,,2.0,28.0
1194.0,2.0,,,,1.0,33.0
1195.0,1.0,,,,4.0,36.0
1196.0,,,,,1.0,31.0
1197.0,,,,,5.0,30.0
1198.0,,,,,7.0,28.0
1199.0,2.0,,,,4.0,31.0
1200.0,,,,,4.0,44.0
1201.0,2.0,,,,4.0,25.0
1202.0,,,,,3.0,44.0
1203.0,,,,,6.0,28.0
1204.0,,,,,4.0,42.0
1205.0,1.0,,,,7.0,35.0
1206.0,,,,,1.0,38.0
1207.0,3.0,,,,2.0,42.0
1208.0,,,,,5.0,28.0
1209.0,,,,,4.0,28.0
1210.0,,,,,5.0,32.0
1211.0,1.0,,,,6.0,21.0
1212.0,2.0,,,,5.0,43.0
1213.0,,,,,7.0,34.0
1214.0,,,,,2.0,41.0
1215.0,,,,,3.0,25.0
1216.0,,,,,3.0,30.0
1217.0,1.0,,,,2.0,43.0
1218.0,,,,,7.0,40.0
1219.0,,,,,1.0,43.0
1220.0,,,,,8.0,47.0
1221.0,,,,,5.0,43.0
1222.0,,,,,1.0,18.0
1223.0,1.0,,,,6.0,38.0
1224.0,1.0,,,,3.0,32.0
1225.0,,,,,4.0,35.0
1226.0,1.0,,,,4.0,43.0
1227.0,1.0,,,,2.0,34.0
1228.0,,,,,7.0,35.0
1229.0,1.0,,,,2.0,29.0
1230.0,,,,,9.0,52.0
1231.0,1.0,,,,11.0,33.0
1232.0,1.0,,,,3.0,19.0
1233.0,1.0,,,,8.0,34.0
1234.0,,,,,3.0,36.0
1235.0,1.0,,,,3.0,28.0
1236.0,,,,,3.0,37.0
1237.0,,,,,6.0,31.0
1238.0,,,,,6.0,32.0
1239.0,,,,,2.0,38.0
1240.0,1.0,,,,7.0,38.0
1241.0,,,,,7.0,52.0
1242.0,1.0,,,,3.0,45.0
1243.0,,,,,7.0,25.0
1244.0,,,,,5.0,31.0
1245.0,1.0,,,,5.0,30.0
1246.0,1.0,,,,10.0,38.0
1247.0,,,,,7.0,41.0
1248.0,1.0,,,,3.0,38.0
1249.0,,,,,3.0,47.0
1250.0,,,,,4.0,54.0
1251.0,2.0,,,,7.0,30.0
1252.0,,,,,12.0,29.0
1253.0,,,,,8.0,31.0
1254.0,,,,,4.0,25.0
1255.0,,,,,3.0,23.0
1256.0,1.0,,,,6.0,33.0
1257.0,,,,,6.0,35.0
1258.0,1.0,,,,3.0,50.0
1259.0,1.0,,,,5.0,27.0
1260.0,,,,,4.0,42.0
1261.0,,,,,7.0,20.0
1262.0,,,,,5.0,30.0
1263.0,,,,,2.0,31.0
1264.0,,,,,3.0,24.0
1265.0,,,,,10.0,40.0
1266.0,1.0,,,,4.0,38.0
1267.0,1.0,,,,8.0,26.0
1268.0,,,,,4.0,33.0
1269.0,,,,,3.0,25.0
1270.0,,,,,8.0,53.0
1271.0,1.0,,,,13.0,41.0
1272.0,1.0,,,,4.0,45.0
1273.0,,,,,5.0,33.0
1274.0,,,,,5.0,44.0
1275.0,1.0,,,,11.0,37.0
1276.0,,,,,3.0,24.0
1277.0,,,,,3.0,54.0
1278.0,,,,,2.0,37.0
1279.0,,,,,5.0,34.0
1280.0,,,,,3.0,34.0
1281.0,1.0,,,,8.0,27.0
1282.0,1.0,,,,10.0,43.0
1283.0,,,,,6.0,34.0
1284.0,1.0,,,,3.0,33.0
1285.0,1.0,,,,9.0,54.0
1286.0,,,,,9.0,35.0
1287.0,1.0,,,,2.0,41.0
1288.0,,,,,9.0,32.0
1289.0,2.0,,,,3.0,46.0
1290.0,,,,,11.0,33.0
1291.0,,,,,4.0,40.0
1292.0,,,,,8.0,23.0
1293.0,,,,,3.0,40.0
1294.0,,,,,1.0,51.0
1295.0,1.0,,,,5.0,37.0
1296.0,,,,,5.0,42.0
1297.0,1.0,,,,5.0,29.0
1298.0,,,,,8.0,49.0
1299.0,1.0,,,,1.0,34.0
1300.0,1.0,,,,7.0,39.0
1301.0,1.0,,,,6.0,27.0
1302.0,,,,,8.0,57.0
1303.0,,,,,6.0,40.0
1304.0,,,,,7.0,54.0
1305.0,1.0,,,,4.0,42.0
1306.0,1.0,,,,4.0,41.0
1307.0,1.0,,,,10.0,48.0
1308.0,,,,,4.0,53.0
1309.0,,,,,6.0,37.0
1310.0,1.0,,,,9.0,51.0
1311.0,,,,,6.0,36.0
1312.0,1.0,,,,8.0,44.0
1313.0,,,,,8.0,37.0
1314.0,,,,,6.0,45.0
1315.0,,,,,9.0,37.0
1316.0,,,,,5.0,59.0
1317.0,,,,,8.0,44.0
1318.0,2.0,,,,8.0,43.0
1319.0,,,,,8.0,28.0
1320.0,1.0,,,,6.0,47.0
1321.0,1.0,,,,6.0,36.0
1322.0,,,,,8.0,51.0
1323.0,1.0,,,,9.0,57.0
1324.0,3.0,,,,5.0,31.0
1325.0,,,,,1.0,40.0
1326.0,,,,,3.0,52.0
1327.0,,,,,9.0,49.0
1328.0,3.0,,,,5.0,60.0
1329.0,,,,,6.0,31.0
1330.0,,,,,7.0,39.0
1331.0,1.0,,,,6.0,35.0
1332.0,,,,,3.0,35.0
1333.0,2.0,,,,9.0,48.0
1334.0,,,,,2.0,29.0
1335.0,,,,,7.0,32.0
1336.0,,,,,5.0,39.0
1337.0,,,,,4.0,27.0
1338.0,1.0,,,,4.0,37.0
1339.0,,,,,4.0,34.0
1340.0,,,,,5.0,48.0
1341.0,,,,,5.0,40.0
1342.0,,,,,10.0,45.0
1343.0,1.0,,,,4.0,45.0
1344.0,1.0,,,,5.0,39.0
1345.0,,,,,7.0,40.0
1346.0,1.0,,,,8.0,46.0
1347.0,,,,,4.0,47.0
1348.0,1.0,,,,14.0,70.0
1349.0,,,,,11.0,48.0
1350.0,,,,,5.0,56.0
1351.0,,,,,5.0,31.0
1352.0,2.0,,,,4.0,43.0
1353.0,2.0,,,,2.0,36.0
1354.0,,,,,4.0,28.0
1355.0,2.0,,,,8.0,40.0
1356.0,,,,,9.0,44.0
1357.0,,,,,3.0,31.0
1358.0,1.0,,,,8.0,31.0
1359.0,,,,,7.0,41.0
1360.0,,,,,10.0,50.0
1361.0,,,,,12.0,72.0
1362.0,,,,,4.0,43.0
1363.0,,,,,11.0,44.0
1364.0,1.0,,,,4.0,42.0
1365.0,,,,,6.0,44.0
1366.0,,,,,4.0,36.0
1367.0,,,,,2.0,40.0
1368.0,1.0,,,,6.0,32.0
1369.0,1.0,,,,5.0,53.0
1370.0,2.0,,,,3.0,53.0
1371.0,2.0,,,,7.0,36.0
1372.0,1.0,,,,4.0,38.0
1373.0,1.0,,,,4.0,37.0
1374.0,2.0,,,,9.0,42.0
1375.0,,,,,7.0,46.0
1376.0,1.0,,,,2.0,27.0
1377.0,,,,,5.0,34.0
1378.0,1.0,,,,4.0,28.0
1379.0,,,,,1.0,20.0
1380.0,3.0,,,,5.0,54.0
1381.0,,,,,6.0,48.0
1382.0,1.0,,,,13.0,43.0
1383.0,1.0,,,,4.0,41.0
1384.0,3.0,,,,6.0,37.0
1385.0,1.0,,,,2.0,41.0
1386.0,1.0,,,,9.0,45.0
1387.0,,,,,8.0,35.0
1388.0,,,,,4.0,54.0
1389.0,,,,,5.0,50.0
1390.0,1.0,,,,4.0,60.0
1391.0,2.0,,,,5.0,40.0
1392.0,2.0,,,,4.0,39.0
1393.0,2.0,,,,5.0,39.0
1394.0,,,,,7.0,42.0
1395.0,,,,,8.0,33.0
1396.0,1.0,,,,5.0,55.0
1397.0,1.0,,,,4.0,54.0
1398.0,,,,,2.0,51.0
1399.0,2.0,,,,11.0,56.0
1400.0,1.0,,,,6.0,57.0
1401.0,,,,,3.0,49.0
1402.0,10.0,,,,7.0,52.0
1403.0,2.0,,,,2.0,41.0
1404.0,,,,,6.0,44.0
1405.0,1.0,,,,11.0,54.0
1406.0,2.0,,,,6.0,49.0
1407.0,,,,,4.0,47.0
1408.0,,,,,6.0,53.0
1409.0,1.0,,,,5.0,39.0
1410.0,3.0,,,,9.0,70.0
1411.0,1.0,,,,6.0,42.0
1412.0,,,,,4.0,34.0
1413.0,2.0,,,,5.0,36.0
1414.0,3.0,,,,3.0,37.0
1415.0,,,,,6.0,72.0
1416.0,,,,,9.0,49.0
1417.0,,,,,4.0,58.0
1418.0,2.0,,,,6.0,50.0
1419.0,2.0,,,,3.0,52.0
1420.0,1.0,,,,5.0,57.0
1421.0,1.0,,,,1.0,48.0
1422.0,,,,,4.0,39.0
1423.0,,,,,3.0,32.0
1424.0,1.0,,,,5.0,48.0
1425.0,1.0,,,,10.0,50.0
1426.0,4.0,,,,8.0,44.0
1427.0,2.0,,,,,55.0
1428.0,1.0,,,,5.0,46.0
1429.0,1.0,,,,3.0,51.0
1430.0,2.0,,,,5.0,42.0
1431.0,1.0,,,,8.0,46.0
1432.0,,,,,5.0,37.0
1433.0,5.0,,,,5.0,43.0
1434.0,,,,,8.0,45.0
1435.0,1.0,,,,10.0,56.0
1436.0,2.0,,,,4.0,39.0
1437.0,3.0,,,,4.0,50.0
1438.0,3.0,,,,8.0,36.0
1439.0,4.0,,,,12.0,55.0
1440.0,,,,,7.0,46.0
1441.0,,,,,7.0,45.0
1442.0,,,,,7.0,39.0
1443.0,1.0,,,,4.0,56.0
1444.0,,,,,6.0,49.0
1445.0,1.0,,,,5.0,43.0
1446.0,1.0,,,,4.0,39.0
1447.0,,,,,7.0,45.0
1448.0,1.0,,,,6.0,41.0
1449.0,9.0,,,,9.0,46.0
1450.0,,,,,10.0,62.0
1451.0,,,,,6.0,46.0
1452.0,3.0,,,,1.0,50.0
1453.0,2.0,,,,6.0,55.0
1454.0,1.0,,,,2.0,37.0
1455.0,3.0,,,,5.0,49.0
1456.0,,,,,5.0,53.0
1457.0,1.0,,,,5.0,51.0
1458.0,,,,,8.0,66.0
1459.0,1.0,,,,2.0,55.0
1460.0,,,,,3.0,68.0
1461.0,,,,,3.0,62.0
1462.0,2.0,,,,7.0,56.0
1463.0,1.0,,,,7.0,65.0
1464.0,1.0,,,,5.0,63.0
1465.0,,,,,7.0,57.0
1466.0,1.0,,,,6.0,45.0
1467.0,,,,,9.0,29.0
1468.0,1.0,,,,7.0,44.0
1469.0,1.0,,,,3.0,51.0
1470.0,1.0,,,,3.0,50.0
1471.0,,,,,4.0,59.0
1472.0,3.0,,,,5.0,43.0
1473.0,,,,,8.0,63.0
1474.0,,,,,12.0,56.0
1475.0,1.0,,,,7.0,62.0
1476.0,,,,,8.0,68.0
1477.0,,,,,5.0,55.0
1478.0,,,,,5.0,68.0
1479.0,1.0,,,,10.0,57.0
1480.0,,,,,6.0,65.0
1481.0,,,,,6.0,59.0
1482.0,2.0,,,,7.0,73.0
1483.0,1.0,,,,11.0,71.0
1484.0,1.0,,,,6.0,70.0
1485.0,2.0,,,,9.0,48.0
1486.0,,,,,7.0,57.0
1487.0,,,,,5.0,51.0
1488.0,1.0,,,,7.0,54.0
1489.0,,,,,4.0,49.0
1490.0,1.0,,,,4.0,61.0
1491.0,1.0,,,,4.0,67.0
1492.0,1.0,,,,8.0,72.0
1493.0,2.0,,,,5.0,71.0
1494.0,,,,,5.0,61.0
1495.0,2.0,,,,9.0,66.0
1496.0,,,,,4.0,42.0
1497.0,,,,,10.0,66.0
1498.0,2.0,,,,6.0,55.0
1499.0,,,,,3.0,68.0
1500.0,2.0,,,,7.0,78.0
1501.0,3.0,,,,12.0,75.0
1502.0,2.0,,,,3.0,72.0
1503.0,1.0,,,,20.0,88.0
1504.0,3.0,,,,11.0,91.0
1505.0,1.0,,,,11.0,95.0
1506.0,1.0,,,,7.0,68.0
1507.0,1.0,,,,9.0,70.0
1508.0,1.0,,,,4.0,87.0
1509.0,,,,,6.0,46.0
1510.0,3.0,,,,9.0,81.0
1511.0,4.0,,,,8.0,72.0
1512.0,,,,,6.0,66.0
1513.0,1.0,,,,4.0,94.0
1514.0,2.0,,,,9.0,59.0
1515.0,1.0,,,,7.0,71.0
1516.0,2.0,,,,1.0,79.0
1517.0,2.0,,,,8.0,76.0
1518.0,1.0,,,,7.0,68.0
1519.0,3.0,,,,9.0,92.0
1520.0,,,,,9.0,101.0
1521.0,,,,,10.0,98.0
1522.0,1.0,,,,8.0,85.0
1523.0,2.0,,,,5.0,115.0
1524.0,4.0,,,,16.0,107.0
1525.0,1.0,,,,6.0,118.0
1526.0,3.0,,,,9.0,99.0
1527.0,9.0,,,,5.0,92.0
1528.0,,,,,8.0,113.0
1529.0,1.0,,,,8.0,92.0
1530.0,3.0,,,,15.0,102.0
1531.0,2.0,,,,8.0,97.0
1532.0,2.0,,,,9.0,86.0
1533.0,1.0,,,,5.0,77.0
1534.0,4.0,,,,12.0,105.0
1535.0,,,,,11.0,123.0
1536.0,1.0,,,,7.0,118.0
1537.0,2.0,,,,8.0,129.0
1538.0,,,,,19.0,88.0
1539.0,1.0,,,,12.0,96.0
1540.0,1.0,,,,3.0,149.0
1541.0,,,,,14.0,124.0
1542.0,,,,,9.0,117.0
1543.0,4.0,,,,11.0,98.0
1544.0,3.0,,,,11.0,109.0
1545.0,4.0,,,,8.0,117.0
1546.0,,,,,9.0,112.0
1547.0,3.0,,,,13.0,115.0
1548.0,1.0,,,,6.0,105.0
1549.0,1.0,,,,10.0,112.0
1550.0,2.0,,,,13.0,127.0
1551.0,4.0,,,,8.0,119.0
1552.0,3.0,,,,7.0,141.0
1553.0,,,,,11.0,145.0
1554.0,6.0,,,,10.0,136.0
1555.0,3.0,,,,12.0,131.0
1556.0,2.0,,,,8.0,152.0
1557.0,,,,,16.0,159.0
1558.0,3.0,,,,16.0,203.0
1559.0,,,,,12.0,158.0
1560.0,1.0,,,,8.0,153.0
1561.0,1.0,,,,8.0,149.0
1562.0,1.0,,,,11.0,117.0
1563.0,,,,,7.0,130.0
1564.0,2.0,,,,11.0,134.0
1565.0,6.0,,,,9.0,162.0
1566.0,3.0,,,,8.0,145.0
1567.0,1.0,,,,9.0,131.0
1568.0,1.0,,,,15.0,139.0
1569.0,1.0,,,,17.0,107.0
1570.0,5.0,,,,11.0,170.0
1571.0,1.0,,,,9.0,162.0
1572.0,3.0,,,,12.0,197.0
1573.0,1.0,,,,10.0,171.0
1574.0,4.0,,,,11.0,140.0
1575.0,1.0,,,,23.0,152.0
1576.0,3.0,,,,11.0,136.0
1577.0,2.0,,,,14.0,135.0
1578.0,3.0,,,,12.0,156.0
1579.0,4.0,,,,9.0,136.0
1580.0,1.0,,,,18.0,160.0
1581.0,,,,,8.0,134.0
1582.0,3.0,,,,15.0,163.0
1583.0,1.0,,,,14.0,148.0
1584.0,2.0,,,,6.0,160.0
1585.0,1.0,,,,10.0,170.0
1586.0,1.0,,,,20.0,175.0
1587.0,2.0,,,,15.0,155.0
1588.0,,,,,14.0,167.0
1589.0,1.0,,,,12.0,172.0
1590.0,2.0,,,,26.0,172.0
1591.0,1.0,,,,10.0,198.0
1592.0,4.0,,,,11.0,160.0
1593.0,3.0,,,,4.0,144.0
1594.0,3.0,,,,8.0,160.0
1595.0,3.0,,,,10.0,169.0
1596.0,1.0,,,,15.0,144.0
1597.0,2.0,,,,11.0,151.0
1598.0,3.0,,,,9.0,163.0
1599.0,3.0,,,,17.0,148.0
1600.0,6.0,,,,17.0,194.0
1601.0,3.0,,,,14.0,142.0
1602.0,1.0,,,,15.0,164.0
1603.0,3.0,,,,19.0,169.0
1604.0,1.0,,,,11.0,162.0
1605.0,3.0,,,,12.0,148.0
1606.0,1.0,,,,5.0,175.0
1607.0,,,,,13.0,159.0
1608.0,,,,,19.0,169.0
1609.0,2.0,,,,11.0,147.0
1610.0,1.0,,,,14.0,175.0
1611.0,1.0,,,,12.0,173.0
1612.0,3.0,,,,16.0,201.0
1613.0,1.0,,,,10.0,188.0
1614.0,4.0,,,,12.0,161.0
1615.0,4.0,,,,11.0,179.0
1616.0,1.0,,,,11.0,207.0
1617.0,,,,,18.0,176.0
1618.0,1.0,,,,18.0,162.0
1619.0,2.0,,,,10.0,154.0
1620.0,5.0,,,,19.0,194.0
1621.0,2.0,,,,14.0,190.0
1622.0,3.0,,,,12.0,208.0
1623.0,3.0,,,,8.0,198.0
1624.0,3.0,,,,8.0,209.0
1625.0,2.0,,,,14.0,222.0
1626.0,4.0,,,,17.0,229.0
1627.0,4.0,,,,14.0,197.0
1628.0,2.0,,,,8.0,177.0
1629.0,,,,,12.0,219.0
1630.0,3.0,,,,13.0,233.0
1631.0,2.0,,,,19.0,187.0
1632.0,2.0,,,,12.0,212.0
1633.0,3.0,,,,17.0,168.0
1634.0,1.0,,,,14.0,177.0
1635.0,1.0,,,,13.0,214.0
1636.0,6.0,,,,10.0,189.0
1637.0,3.0,,,,11.0,190.0
1638.0,1.0,,,,14.0,232.0
1639.0,,,,,8.0,169.0
1640.0,2.0,,,,12.0,226.0
1641.0,3.0,,,,16.0,214.0
1642.0,5.0,,,,16.0,190.0
1643.0,7.0,,,,12.0,201.0
1644.0,4.0,,,,16.0,199.0
1645.0,13.0,,,,16.0,211.0
1646.0,13.0,,,,13.0,197.0
1647.0,2.0,,,,17.0,223.0
1648.0,5.0,,,,15.0,237.0
1649.0,4.0,,,,19.0,262.0
1650.0,1.0,,,,20.0,224.0
1651.0,3.0,,,,23.0,240.0
1652.0,7.0,,,,10.0,249.0
1653.0,1.0,,,,11.0,219.0
1654.0,3.0,,,,13.0,229.0
1655.0,1.0,,,,10.0,214.0
1656.0,3.0,,,,9.0,238.0
1657.0,1.0,,,,16.0,264.0
1658.0,2.0,,,,10.0,222.0
1659.0,,,,,13.0,203.0
1660.0,2.0,,,,26.0,234.0
1661.0,2.0,,,,18.0,270.0
1662.0,2.0,,,,13.0,212.0
1663.0,1.0,,,,15.0,192.0
1664.0,1.0,,,,14.0,199.0
1665.0,5.0,,,,21.0,212.0
1666.0,3.0,,,,11.0,243.0
1667.0,3.0,,,,9.0,247.0
1668.0,3.0,,,,12.0,232.0
1669.0,2.0,,,,15.0,229.0
1670.0,1.0,,,,19.0,268.0
1671.0,3.0,,,,13.0,220.0
1672.0,3.0,,,,20.0,241.0
1673.0,4.0,,,,17.0,222.0
1674.0,1.0,,,,13.0,219.0
1675.0,4.0,,,,24.0,264.0
1676.0,4.0,,,,19.0,257.0
1677.0,3.0,,,,11.0,231.0
1678.0,1.0,,,,14.0,278.0
1679.0,4.0,,,1.0,22.0,296.0
1680.0,4.0,,,,27.0,279.0
1681.0,2.0,,,,23.0,243.0
1682.0,1.0,,,,17.0,222.0
1683.0,,,,,19.0,239.0
1684.0,1.0,,,,17.0,233.0
1685.0,5.0,,,,13.0,252.0
1686.0,4.0,,,,12.0,218.0
1687.0,2.0,,,,14.0,201.0
1688.0,1.0,,,,16.0,231.0
1689.0,4.0,,,,18.0,223.0
1690.0,3.0,,,,9.0,236.0
1691.0,2.0,,,,13.0,260.0
1692.0,2.0,,,,28.0,201.0
1693.0,,,,,20.0,224.0
1694.0,4.0,,,,17.0,222.0
1695.0,5.0,,,,13.0,203.0
1696.0,1.0,,,,13.0,195.0
1697.0,2.0,,,,10.0,203.0
1698.0,1.0,,,,12.0,204.0
1699.0,4.0,,,,15.0,215.0
1700.0,1.0,,,,15.0,248.0
1701.0,2.0,,,,17.0,213.0
1702.0,,,,,13.0,245.0
1703.0,5.0,,,,14.0,197.0
1704.0,2.0,,,,21.0,231.0
1705.0,3.0,,,,23.0,204.0
1706.0,1.0,,,,20.0,221.0
1707.0,2.0,,,,10.0,226.0
1708.0,3.0,,,,17.0,232.0
1709.0,1.0,,,,26.0,207.0
1710.0,2.0,,,,14.0,242.0
1711.0,3.0,,,,12.0,222.0
1712.0,4.0,,,,14.0,222.0
1713.0,2.0,,,,11.0,225.0
1714.0,1.0,,,,13.0,241.0
1715.0,,,,,20.0,227.0
1716.0,2.0,,,,17.0,211.0
1717.0,1.0,,,,19.0,205.0
1718.0,2.0,,,,20.0,225.0
1719.0,5.0,,,,15.0,242.0
1720.0,5.0,,,,18.0,229.0
1721.0,3.0,,,1.0,18.0,240.0
1722.0,,,,,12.0,224.0
1723.0,4.0,,,,25.0,234.0
1724.0,2.0,,,,16.0,222.0
1725.0,3.0,,,,6.0,224.0
1726.0,1.0,,,,24.0,241.0
1727.0,2.0,,,,16.0,239.0
1728.0,2.0,,,,20.0,226.0
1729.0,,,,,18.0,259.0
1730.0,1.0,,,,20.0,266.0
1731.0,1.0,,,,20.0,212.0
1732.0,2.0,,,,22.0,263.0
1733.0,2.0,,,1.0,18.0,220.0
1734.0,3.0,,,,13.0,216.0
1735.0,1.0,,,,14.0,225.0
1736.0,2.0,,,,24.0,207.0
1737.0,3.0,,,,17.0,237.0
1738.0,2.0,,,,15.0,244.0
1739.0,1.0,,,,17.0,197.0
1740.0,2.0,,,,24.0,247.0
1741.0,3.0,,,,22.0,225.0
1742.0,3.0,,,,16.0,274.0
1743.0,4.0,,,,18.0,284.0
1744.0,1.0,,,,19.0,232.0
1745.0,2.0,,,,12.0,244.0
1746.0,1.0,,,,18.0,236.0
1747.0,4.0,,,,12.0,252.0
1748.0,1.0,,,,19.0,248.0
1749.0,4.0,,,,14.0,228.0
1750.0,2.0,,,,15.0,294.0
1751.0,,,,,17.0,246.0
1752.0,2.0,,,,16.0,230.0
1753.0,2.0,,,,15.0,214.0
1754.0,1.0,,,,19.0,241.0
1755.0,3.0,,,,15.0,259.0
1756.0,3.0,,,,21.0,268.0
1757.0,6.0,,,,16.0,292.0
1758.0,3.0,,,,18.0,273.0
1759.0,4.0,,,,17.0,268.0
1760.0,,,,,22.0,271.0
1761.0,2.0,,,,23.0,303.0
1762.0,5.0,,,,18.0,301.0
1763.0,2.0,,,,20.0,261.0
1764.0,2.0,,,,11.0,265.0
1765.0,,,,,14.0,286.0
1766.0,,,,,16.0,257.0
1767.0,1.0,,,,23.0,245.0
1768.0,3.0,,,,18.0,284.0
1769.0,2.0,,,,13.0,252.0
1770.0,2.0,,,,15.0,286.0
1771.0,4.0,,,,15.0,310.0
1772.0,1.0,,,,19.0,279.0
1773.0,2.0,,,,16.0,286.0
1774.0,3.0,,,,18.0,285.0
1775.0,1.0,,,,23.0,335.0
1776.0,2.0,,,,17.0,293.0
1777.0,1.0,,,,12.0,308.0
1778.0,3.0,,,,23.0,311.0
1779.0,2.0,,,,14.0,300.0
1780.0,6.0,,,,29.0,357.0
1781.0,1.0,,,,22.0,321.0
1782.0,1.0,,,,36.0,357.0
1783.0,2.0,,,,23.0,326.0
1784.0,7.0,,,,18.0,351.0
1785.0,1.0,,,,16.0,375.0
1786.0,4.0,,,,32.0,338.0
1787.0,5.0,,,,24.0,328.0
1788.0,4.0,,,,29.0,371.0
1789.0,4.0,,,,29.0,361.0
1790.0,,,,,22.0,369.0
1791.0,3.0,,,,31.0,382.0
1792.0,2.0,,,,23.0,444.0
1793.0,5.0,,,,32.0,512.0
1794.0,3.0,,,,53.0,605.0
1795.0,4.0,,,,27.0,497.0
1796.0,1.0,,,,30.0,427.0
1797.0,3.0,,,,30.0,426.0
1798.0,3.0,,,,19.0,449.0
1799.0,,,,,27.0,534.0
1800.0,4.0,,,,37.0,471.0
1801.0,3.0,,,,30.0,435.0
1802.0,4.0,,,,32.0,463.0
1803.0,7.0,,,,35.0,504.0
1804.0,3.0,,,,25.0,491.0
1805.0,4.0,,,,43.0,510.0
1806.0,1.0,,,,22.0,523.0
1807.0,1.0,,,,43.0,550.0
1808.0,3.0,,,,37.0,470.0
1809.0,5.0,,,,27.0,562.0
1810.0,1.0,1.0,,,35.0,493.0
1811.0,5.0,,,,27.0,540.0
1812.0,2.0,,,,18.0,596.0
1813.0,3.0,,,,44.0,641.0
1814.0,4.0,,,,31.0,635.0
1815.0,6.0,,,,41.0,608.0
1816.0,4.0,,,,45.0,621.0
1817.0,2.0,,,,44.0,545.0
1818.0,2.0,,,,42.0,611.0
1819.0,5.0,,,,29.0,622.0
1820.0,4.0,,,,37.0,596.0
1821.0,5.0,,,,47.0,639.0
1822.0,4.0,,,,34.0,635.0
1823.0,1.0,,,,34.0,697.0
1824.0,2.0,,,,40.0,647.0
1825.0,7.0,,,,47.0,704.0
1826.0,5.0,,,,41.0,686.0
1827.0,4.0,,,,30.0,676.0
1828.0,2.0,,,,48.0,700.0
1829.0,3.0,,,,46.0,702.0
1830.0,3.0,,,,37.0,698.0
1831.0,2.0,,,,53.0,816.0
1832.0,7.0,,,,50.0,836.0
1833.0,4.0,,,,41.0,769.0
1834.0,3.0,,,,42.0,776.0
1835.0,2.0,,,,40.0,762.0
1836.0,1.0,,,,51.0,793.0
1837.0,7.0,,,,43.0,846.0
1838.0,5.0,,,,43.0,751.0
1839.0,1.0,,,,63.0,779.0
1840.0,7.0,,,,50.0,746.0
1841.0,4.0,,,,50.0,819.0
1842.0,4.0,,,,43.0,839.0
1843.0,5.0,,,,48.0,763.0
1844.0,4.0,,,,46.0,831.0
1845.0,5.0,,,,52.0,833.0
1846.0,6.0,,,,57.0,863.0
1847.0,3.0,,,,71.0,907.0
1848.0,9.0,,,,56.0,947.0
1849.0,4.0,,,,66.0,1026.0
1850.0,2.0,,,,57.0,851.0
1851.0,6.0,,,,46.0,854.0
1852.0,3.0,,,,66.0,935.0
1853.0,9.0,,,,55.0,947.0
1854.0,9.0,,,,72.0,1055.0
1855.0,4.0,,,,58.0,1068.0
1856.0,9.0,,,1.0,50.0,950.0
1857.0,6.0,,,,67.0,965.0
1858.0,13.0,,,,68.0,979.0
1859.0,5.0,,,,48.0,964.0
1860.0,7.0,,,,51.0,1056.0
1861.0,9.0,,,,57.0,1093.0
1862.0,8.0,,,,65.0,1147.0
1863.0,6.0,,,,62.0,1168.0
1864.0,11.0,,,,69.0,1305.0
1865.0,10.0,,,1.0,71.0,1275.0
1866.0,5.0,,,,56.0,1244.0
1867.0,10.0,,,,62.0,1160.0
1868.0,12.0,,1.0,,60.0,1239.0
1869.0,9.0,,,,58.0,1233.0
1870.0,9.0,,,,62.0,1357.0
1871.0,8.0,,,,59.0,1341.0
1872.0,2.0,,,,61.0,1277.0
1873.0,4.0,,,,62.0,1314.0
1874.0,11.0,,,,62.0,1334.0
1875.0,8.0,,,,81.0,1430.0
1876.0,9.0,,,,73.0,1411.0
1877.0,5.0,,,,86.0,1347.0
1878.0,4.0,,,,85.0,1441.0
1879.0,8.0,,,,89.0,1469.0
1880.0,7.0,,,,77.0,1426.0
1881.0,6.0,,,,73.0,1504.0
1882.0,12.0,,,,83.0,1573.0
1883.0,7.0,,,,80.0,1504.0
1884.0,8.0,,,,90.0,1549.0
1885.0,5.0,,,,74.0,1572.0
1886.0,6.0,,,,83.0,1542.0
1887.0,4.0,,,,97.0,1605.0
1888.0,6.0,,,,87.0,1692.0
1889.0,6.0,,,,115.0,1768.0
1890.0,10.0,,,,94.0,1746.0
1891.0,6.0,,,,104.0,1898.0
1892.0,10.0,,,,100.0,1818.0
1893.0,10.0,,,,95.0,1764.0
1894.0,10.0,,,,99.0,1657.0
1895.0,4.0,,,,85.0,1782.0
1896.0,8.0,,,,85.0,1754.0
1897.0,9.0,,,,114.0,1801.0
1898.0,9.0,,,,108.0,1788.0
1899.0,4.0,,,,103.0,1906.0
1900.0,13.0,,,,131.0,1928.0
1901.0,10.0,,,,90.0,1831.0
1902.0,6.0,,,,109.0,1825.0
1903.0,8.0,,,,106.0,1887.0
1904.0,10.0,,,,143.0,1914.0
1905.0,12.0,,,,117.0,1947.0
1906.0,10.0,,,,127.0,1885.0
1907.0,9.0,,,,127.0,1994.0
1908.0,11.0,,,,117.0,2010.0
1909.0,8.0,,,,123.0,1994.0
1910.0,15.0,,,,116.0,2031.0
1911.0,20.0,,,,134.0,2032.0
1912.0,15.0,,,,138.0,2091.0
1913.0,9.0,,,,133.0,2158.0
1914.0,17.0,,,,135.0,2475.0
1915.0,18.0,,,1.0,141.0,2582.0
1916.0,9.0,,,,137.0,2515.0
1917.0,10.0,,,,125.0,2652.0
1918.0,12.0,,,,180.0,3215.0
1919.0,11.0,,,,185.0,2746.0
1920.0,15.0,,,,149.0,2405.0
1921.0,16.0,,,,160.0,2313.0
1922.0,13.0,,,,173.0,2368.0
1923.0,11.0,,,,158.0,2235.0
1924.0,18.0,,,,178.0,2375.0
1925.0,10.0,,,,181.0,2396.0
1926.0,7.0,,,,176.0,2295.0
1927.0,24.0,,,,193.0,2532.0
1928.0,21.0,,,,180.0,2546.0
1929.0,23.0,,,,218.0,2622.0
1930.0,13.0,,,,206.0,2649.0
1931.0,28.0,1.0,,,191.0,2710.0
1932.0,22.0,,,,226.0,2802.0
1933.0,14.0,,,,203.0,2951.0
1934.0,23.0,,,,237.0,2866.0
1935.0,20.0,,,,226.0,2848.0
1936.0,27.0,,,1.0,277.0,3123.0
1937.0,21.0,,,,233.0,3858.0
1938.0,20.0,,,,261.0,3740.0
1939.0,20.0,,,,239.0,3294.0
1940.0,30.0,,,,258.0,3728.0
1941.0,22.0,,,,291.0,4190.0
1942.0,36.0,,,,407.0,5119.0
1943.0,30.0,,,,468.0,5574.0
1944.0,49.0,,,,501.0,6789.0
1945.0,31.0,,,,369.0,6593.0
1946.0,27.0,,,,267.0,3322.0
1947.0,27.0,,,,252.0,3325.0
1948.0,21.0,,,,296.0,3044.0
1949.0,19.0,,,,242.0,3127.0
1950.0,17.0,,,,257.0,3168.0
1951.0,25.0,,,,288.0,3263.0
1952.0,28.0,,,,289.0,3177.0
1953.0,24.0,,,,257.0,3216.0
1954.0,26.0,,,,264.0,3232.0
1955.0,17.0,,,,324.0,3298.0
1956.0,23.0,,,1.0,308.0,3551.0
1957.0,24.0,,,,327.0,3471.0
1958.0,23.0,,,,320.0,3516.0
1959.0,29.0,,,,306.0,3461.0
1960.0,26.0,,,,341.0,3616.0
1961.0,30.0,,,,349.0,3646.0
1962.0,24.0,,,,355.0,3880.0
1963.0,32.0,,,,342.0,3883.0
1964.0,32.0,,,,351.0,3903.0
1965.0,33.0,,,,343.0,4003.0
1966.0,36.0,,,,386.0,4140.0
1967.0,42.0,,,,396.0,4149.0
1968.0,42.0,,,,443.0,4305.0
1969.0,37.0,,,,386.0,4378.0
1970.0,45.0,,,,452.0,4383.0
1971.0,24.0,,,,442.0,4410.0
1972.0,44.0,,,,431.0,4295.0
1973.0,36.0,,,,424.0,4550.0
1974.0,34.0,1.0,,,465.0,4399.0
1975.0,41.0,,,,466.0,4295.0
1976.0,32.0,,,,426.0,4504.0
1977.0,41.0,,,,473.0,4495.0
1978.0,39.0,,,,462.0,4377.0
1979.0,30.0,,,,489.0,4519.0
1980.0,41.0,,,,525.0,4660.0
1981.0,32.0,,,,560.0,4626.0
1982.0,44.0,,,,557.0,4687.0
1983.0,43.0,,,,569.0,4665.0
1984.0,44.0,,,,546.0,4765.0
1985.0,55.0,1.0,,,600.0,4907.0
1986.0,43.0,,,,590.0,4871.0
1987.0,58.0,1.0,,,584.0,4916.0
1988.0,45.0,1.0,,,592.0,4951.0
1989.0,44.0,1.0,,1.0,638.0,5051.0
1990.0,57.0,1.0,,,651.0,5065.0
1991.0,46.0,,,1.0,666.0,4929.0
1992.0,44.0,1.0,,,692.0,5237.0
1993.0,55.0,1.0,,,693.0,5512.0
1994.0,63.0,,,,725.0,5493.0
1995.0,47.0,1.0,,,780.0,5530.0
1996.0,52.0,,,,797.0,5496.0
1997.0,55.0,,,,752.0,5396.0
1998.0,51.0,,,,775.0,5474.0
1999.0,68.0,2.0,,,792.0,5754.0
2000.0,59.0,,,,791.0,5861.0
2001.0,58.0,,,,876.0,5871.0
2002.0,57.0,1.0,,,884.0,6024.0
2003.0,63.0,1.0,,,889.0,6341.0
2004.0,68.0,1.0,,,1005.0,6591.0
2005.0,57.0,,,,1063.0,7010.0
2006.0,87.0,2.0,,,1143.0,7620.0
2007.0,71.0,1.0,1.0,,1229.0,7787.0
2008.0,83.0,2.0,,1.0,1241.0,8216.0
2009.0,83.0,1.0,,,1330.0,8428.0
2010.0,89.0,1.0,,,1429.0,8736.0
2011.0,83.0,2.0,,,1378.0,8460.0
2012.0,96.0,,,,1379.0,8493.0
2013.0,91.0,1.0,,,1286.0,8146.0
2014.0,761.0,,1.0,1.0,1228.0,7556.0
2469.0,1.0,,,,,
2503.0,,,,,,1.0
2521.0,,,,,,1.0
